Sorteo,Fecha,Modalidad,B1,B2,B3,B4,B5,B6
3405,2026-09-02,Tradicional,00,05,10,22,26,45
3405,2026-09-02,Segunda,02,03,16,22,24,44
3405,2026-09-02,Revancha,02,07,14,25,34,38
3405,2026-09-02,SiempreSale,02,05,08,10,31,38
3404,2026-08-30,Tradicional,07,14,22,23,40,45
3404,2026-08-30,Segunda,05,11,17,36,38,40
3404,2026-08-30,Revancha,00,05,10,20,26,28
3404,2026-08-30,SiempreSale,06,13,14,21,36,37
3403,2026-08-26,Tradicional,05,09,11,16,23,26
3403,2026-08-26,Segunda,10,14,25,30,37,39
3403,2026-08-26,Revancha,08,10,22,30,36,37
3403,2026-08-26,SiempreSale,20,23,24,28,35,39
3402,2026-08-23,Tradicional,00,21,24,26,27,42
3402,2026-08-23,Segunda,19,24,25,27,29,36
3402,2026-08-23,Revancha,02,09,21,29,36,39
3402,2026-08-23,SiempreSale,01,04,05,20,37,43
3401,2026-08-19,Tradicional,01,02,06,10,17,25
3401,2026-08-19,Segunda,03,10,12,16,26,33
3401,2026-08-19,Revancha,02,12,14,24,29,40
3401,2026-08-19,SiempreSale,07,21,27,30,32,37
3400,2026-08-16,Tradicional,02,09,15,18,28,31
3400,2026-08-16,Segunda,02,18,28,34,43,44
3400,2026-08-16,Revancha,12,16,29,30,37,43
3400,2026-08-16,SiempreSale,02,06,09,10,32,35
3399,2026-08-12,Tradicional,23,24,25,30,31,44
3399,2026-08-12,Segunda,04,08,16,20,24,36
3399,2026-08-12,Revancha,03,07,22,24,25,42
3399,2026-08-12,SiempreSale,13,21,23,26,32,33
3398,2026-08-09,Tradicional,06,09,10,18,22,31
3398,2026-08-09,Segunda,11,13,23,25,26,30
3398,2026-08-09,Revancha,01,03,18,23,24,31
3398,2026-08-09,SiempreSale,01,09,16,18,30,40
3397,2026-08-05,Tradicional,03,04,14,17,19,35
3397,2026-08-05,Segunda,05,22,28,31,32,41
3397,2026-08-05,Revancha,08,11,14,29,33,44
3397,2026-08-05,SiempreSale,05,10,20,24,25,38
3396,2026-08-02,Tradicional,00,12,23,29,43,45
3396,2026-08-02,Segunda,01,13,18,29,31,44
3396,2026-08-02,Revancha,02,03,19,20,23,25
3396,2026-08-02,SiempreSale,00,01,09,22,27,29
3395,2026-07-29,Tradicional,00,02,27,34,37,38
3395,2026-07-29,Segunda,00,01,03,06,10,35
3395,2026-07-29,Revancha,06,24,28,32,39,42
3395,2026-07-29,SiempreSale,15,17,30,35,36,39
3394,2026-07-26,Tradicional,08,09,12,21,28,37
3394,2026-07-26,Segunda,00,01,03,04,05,22
3394,2026-07-26,Revancha,03,05,08,22,25,45
3394,2026-07-26,SiempreSale,06,10,13,40,42,43
3393,2026-07-22,Tradicional,00,05,10,36,41,42
3393,2026-07-22,Segunda,06,24,31,34,42,43
3393,2026-07-22,Revancha,01,08,18,30,38,43
3393,2026-07-22,SiempreSale,02,07,20,23,44,45
3392,2026-07-19,Tradicional,05,17,27,28,31,45
3392,2026-07-19,Segunda,08,21,23,33,36,41
3392,2026-07-19,Revancha,04,10,14,17,25,32
3392,2026-07-19,SiempreSale,04,14,18,19,28,29
3391,2026-07-15,Tradicional,19,22,25,30,37,42
3391,2026-07-15,Segunda,01,05,16,21,33,34
3391,2026-07-15,Revancha,04,18,22,31,34,39
3391,2026-07-15,SiempreSale,03,21,31,34,37,42
3390,2026-07-12,Tradicional,01,03,16,24,25,31
3390,2026-07-12,Segunda,02,03,20,31,36,43
3390,2026-07-12,Revancha,11,18,23,31,38,41
3390,2026-07-12,SiempreSale,02,10,22,23,32,40
3389,2026-07-12,Tradicional,01,03,16,24,25,31
3389,2026-07-12,Segunda,02,03,20,31,36,43
3389,2026-07-12,Revancha,11,18,23,31,38,41
3389,2026-07-12,SiempreSale,02,10,22,23,32,40
3388,2026-07-08,Tradicional,03,05,27,37,40,43
3388,2026-07-08,Segunda,05,22,24,26,28,32
3388,2026-07-08,Revancha,05,15,19,29,39,44
3388,2026-07-08,SiempreSale,04,15,17,20,40,42
3387,2026-07-05,Tradicional,27,29,32,33,37,39
3387,2026-07-05,Segunda,05,14,22,23,36,45
3387,2026-07-05,Revancha,01,03,07,09,25,29
3387,2026-07-05,SiempreSale,01,10,15,22,36,37
3386,2026-07-01,Tradicional,01,08,15,28,35,44
3386,2026-07-01,Segunda,17,20,26,35,37,40
3386,2026-07-01,Revancha,17,21,25,34,35,44
3386,2026-07-01,SiempreSale,04,08,19,22,30,44
3385,2026-06-28,Tradicional,00,16,20,30,38,43
3385,2026-06-28,Segunda,07,11,21,31,38,41
3385,2026-06-28,Revancha,01,03,10,12,15,23
3385,2026-06-28,SiempreSale,14,15,26,27,28,32
3384,2026-06-24,Tradicional,01,19,32,37,38,41
3384,2026-06-24,Segunda,02,03,04,07,23,42
3384,2026-06-24,Revancha,03,09,11,30,35,43
3384,2026-06-24,SiempreSale,22,23,34,37,43,44
3383,2026-06-21,Tradicional,07,19,24,26,32,45
3383,2026-06-21,Segunda,12,24,26,28,33,42
3383,2026-06-21,Revancha,08,09,16,27,31,36
3383,2026-06-21,SiempreSale,02,24,26,29,40,44
3382,2026-06-17,Tradicional,05,12,15,21,31,44
3382,2026-06-17,Segunda,04,16,22,25,30,36
3382,2026-06-17,Revancha,06,08,16,22,23,37
3382,2026-06-17,SiempreSale,00,05,08,14,22,35
3381,2026-06-14,Tradicional,02,10,18,21,30,36
3381,2026-06-14,Segunda,00,21,25,27,33,44
3381,2026-06-14,Revancha,11,13,17,18,28,41
3381,2026-06-14,SiempreSale,00,10,11,16,25,34
3380,2026-06-10,Tradicional,01,17,26,27,28,33
3380,2026-06-10,Segunda,00,04,08,09,15,28
3380,2026-06-10,Revancha,05,12,14,16,33,35
3380,2026-06-10,SiempreSale,09,12,16,21,33,41
3379,2026-06-07,Tradicional,07,13,17,27,29,41
3379,2026-06-07,Segunda,03,06,08,20,21,29
3379,2026-06-07,Revancha,12,17,22,32,39,42
3379,2026-06-07,SiempreSale,12,21,23,31,41,45
3378,2026-06-03,Tradicional,07,08,23,26,27,28
3378,2026-06-03,Segunda,14,22,24,27,28,42
3378,2026-06-03,Revancha,07,14,23,33,40,42
3378,2026-06-03,SiempreSale,06,09,14,16,25,43
3377,2026-05-31,Tradicional,16,26,27,30,32,42
3377,2026-05-31,Segunda,02,14,22,23,24,32
3377,2026-05-31,Revancha,00,01,06,09,21,43
3377,2026-05-31,SiempreSale,22,23,34,37,43,44
3376,2026-05-27,Tradicional,00,04,07,08,40,45
3376,2026-05-27,Segunda,08,09,13,23,33,45
3376,2026-05-27,Revancha,03,06,09,15,28,43
3376,2026-05-27,SiempreSale,14,23,26,27,30,37
3375,2026-05-24,Tradicional,05,08,10,12,28,34
3375,2026-05-24,Segunda,11,14,20,35,39,43
3375,2026-05-24,Revancha,08,12,15,18,21,36
3375,2026-05-24,SiempreSale,00,07,21,25,29,35
3374,2026-05-20,Tradicional,07,08,10,18,22,32
3374,2026-05-20,Segunda,07,09,13,22,33,45
3374,2026-05-20,Revancha,16,25,26,36,42,45
3374,2026-05-20,SiempreSale,04,13,23,26,37,42
3373,2026-05-17,Tradicional,06,26,29,30,32,44
3373,2026-05-17,Segunda,01,06,11,17,40,42
3373,2026-05-17,Revancha,02,08,10,20,41,43
3373,2026-05-17,SiempreSale,12,13,14,15,22,35
3372,2026-05-13,Tradicional,00,02,06,13,26,34
3372,2026-05-13,Segunda,00,01,04,13,27,34
3372,2026-05-13,Revancha,05,17,18,27,32,38
3372,2026-05-13,SiempreSale,00,15,26,36,37,40
3371,2026-05-10,Tradicional,04,07,15,24,37,39
3371,2026-05-10,Segunda,00,01,06,23,24,40
3371,2026-05-10,Revancha,01,08,15,21,24,44
3371,2026-05-10,SiempreSale,03,04,06,21,40,43
3370,2026-05-06,Tradicional,05,13,17,18,20,42
3370,2026-05-06,Segunda,03,14,15,20,37,40
3370,2026-05-06,Revancha,03,25,30,33,34,35
3370,2026-05-06,SiempreSale,00,05,07,20,30,40
3369,2026-05-03,Tradicional,09,15,17,30,37,43
3369,2026-05-03,Segunda,00,06,10,15,21,25
3369,2026-05-03,Revancha,05,07,19,28,29,32
3369,2026-05-03,SiempreSale,00,12,22,28,41,44
3368,2026-04-29,Tradicional,04,06,07,13,19,43
3368,2026-04-29,Segunda,03,05,12,14,32,34
3368,2026-04-29,Revancha,01,08,16,25,33,43
3368,2026-04-29,SiempreSale,03,06,15,19,38,45
3367,2026-04-26,Tradicional,16,17,20,28,30,42
3367,2026-04-26,Segunda,01,04,06,15,20,28
3367,2026-04-26,Revancha,02,09,32,40,41,42
3367,2026-04-26,SiempreSale,11,14,20,34,38,40
3366,2026-04-22,Tradicional,00,10,12,20,30,37
3366,2026-04-22,Segunda,04,11,21,26,33,39
3366,2026-04-22,Revancha,10,12,17,27,41,44
3366,2026-04-22,SiempreSale,07,13,20,23,35,41
3365,2026-04-19,Tradicional,05,06,32,33,35,38
3365,2026-04-19,Segunda,04,10,16,27,40,41
3365,2026-04-19,Revancha,02,07,16,29,38,45
3365,2026-04-19,SiempreSale,07,11,12,26,30,36
3364,2026-04-15,Tradicional,04,06,07,09,24,35
3364,2026-04-15,Segunda,01,05,16,34,35,41
3364,2026-04-15,Revancha,26,27,30,35,37,38
3364,2026-04-15,SiempreSale,00,10,19,42,43,44
3363,2026-04-12,Tradicional,01,14,33,38,41,44
3363,2026-04-12,Segunda,03,08,17,18,32,42
3363,2026-04-12,Revancha,13,19,22,25,40,41
3363,2026-04-12,SiempreSale,05,08,14,22,26,36
3362,2026-04-08,Tradicional,01,16,31,32,34,44
3362,2026-04-08,Segunda,03,15,31,33,34,45
3362,2026-04-08,Revancha,12,18,24,31,36,40
3362,2026-04-08,SiempreSale,00,08,12,23,32,36
3361,2026-04-05,Tradicional,20,22,27,29,34,43
3361,2026-04-05,Segunda,19,20,30,32,39,41
3361,2026-04-05,Revancha,06,13,17,29,33,36
3361,2026-04-05,SiempreSale,06,07,08,12,35,41
3360,2026-04-01,Tradicional,08,16,20,21,30,41
3360,2026-04-01,Segunda,00,06,12,24,40,43
3360,2026-04-01,Revancha,03,16,35,39,44,45
3360,2026-04-01,SiempreSale,03,10,12,19,32,36
3359,2026-03-29,Tradicional,01,09,15,18,19,38
3359,2026-03-29,Segunda,00,05,09,15,18,29
3359,2026-03-29,Revancha,06,08,15,24,36,42
3359,2026-03-29,SiempreSale,01,16,24,36,42,45
3358,2026-03-25,Tradicional,10,13,18,28,34,37
3358,2026-03-25,Segunda,11,23,27,36,40,42
3358,2026-03-25,Revancha,12,27,28,29,36,42
3358,2026-03-25,SiempreSale,03,10,18,27,33,39
3357,2026-03-22,Tradicional,03,18,22,26,34,44
3357,2026-03-22,Segunda,01,14,17,20,28,36
3357,2026-03-22,Revancha,05,12,33,36,41,43
3357,2026-03-22,SiempreSale,12,24,25,28,40,44
3356,2026-03-18,Tradicional,08,12,18,37,40,42
3356,2026-03-18,Segunda,22,25,26,38,40,42
3356,2026-03-18,Revancha,12,13,14,29,41,42
3356,2026-03-18,SiempreSale,11,13,17,23,28,35
3355,2026-03-15,Tradicional,02,04,08,12,15,36
3355,2026-03-15,Segunda,07,08,17,33,41,42
3355,2026-03-15,Revancha,00,35,39,41,42,45
3355,2026-03-15,SiempreSale,04,14,16,26,33,36
3354,2026-03-11,Tradicional,09,11,12,14,18,20
3354,2026-03-11,Segunda,07,14,15,21,23,31
3354,2026-03-11,Revancha,03,09,16,19,21,40
3354,2026-03-11,SiempreSale,09,10,21,35,43,44
3353,2026-03-08,Tradicional,00,06,10,13,21,37
3353,2026-03-08,Segunda,01,04,06,18,27,34
3353,2026-03-08,Revancha,05,27,29,33,37,43
3353,2026-03-08,SiempreSale,14,16,19,25,28,36
3352,2026-03-04,Tradicional,06,07,10,15,25,41
3352,2026-03-04,Segunda,11,12,13,15,19,25
3352,2026-03-04,Revancha,06,11,26,29,34,35
3352,2026-03-04,SiempreSale,01,05,14,17,31,38
3351,2026-03-01,Tradicional,10,12,18,19,20,27
3351,2026-03-01,Segunda,14,17,19,29,32,43
3351,2026-03-01,Revancha,07,09,32,41,42,43
3351,2026-03-01,SiempreSale,13,14,25,30,33,44
3350,2026-02-25,Tradicional,03,09,10,23,40,42
3350,2026-02-25,Segunda,02,07,09,17,21,27
3350,2026-02-25,Revancha,03,05,14,18,20,24
3350,2026-02-25,SiempreSale,06,20,22,27,40,41
3349,2026-02-22,Tradicional,00,05,27,36,39,45
3349,2026-02-22,Segunda,11,12,22,23,37,44
3349,2026-02-22,Revancha,11,16,28,36,40,41
3349,2026-02-22,SiempreSale,05,09,16,18,25,35
3348,2026-02-18,Tradicional,00,02,23,26,30,40
3348,2026-02-18,Segunda,04,11,15,17,22,25
3348,2026-02-18,Revancha,05,08,17,31,37,45
3348,2026-02-18,SiempreSale,02,09,10,14,28,38
3347,2026-02-15,Tradicional,06,12,24,26,40,41
3347,2026-02-15,Segunda,03,17,21,34,38,43
3347,2026-02-15,Revancha,07,11,13,14,36,37
3347,2026-02-15,SiempreSale,04,07,12,22,26,39
3346,2026-02-11,Tradicional,00,09,20,23,33,44
3346,2026-02-11,Segunda,08,20,21,29,36,43
3346,2026-02-11,Revancha,03,08,13,34,35,43
3346,2026-02-11,SiempreSale,08,20,23,27,28,45
3345,2026-02-08,Tradicional,18,23,24,40,44,45
3345,2026-02-08,Segunda,00,02,12,13,25,38
3345,2026-02-08,Revancha,04,17,20,21,37,39
3345,2026-02-08,SiempreSale,04,07,23,32,37,38
3344,2026-02-04,Tradicional,03,12,25,33,42,45
3344,2026-02-04,Segunda,06,13,23,24,26,39
3344,2026-02-04,Revancha,07,19,31,34,39,44
3344,2026-02-04,SiempreSale,22,26,28,31,33,34
3343,2026-02-01,Tradicional,02,04,15,18,31,43
3343,2026-02-01,Segunda,12,16,25,27,35,42
3343,2026-02-01,Revancha,03,19,20,21,30,39
3343,2026-02-01,SiempreSale,09,30,31,42,43,45
3342,2026-01-28,Tradicional,06,07,08,20,25,33
3342,2026-01-28,Segunda,00,01,09,12,14,27
3342,2026-01-28,Revancha,06,17,26,32,34,41
3342,2026-01-28,SiempreSale,21,28,40,41,44,45
3341,2026-01-25,Tradicional,00,07,16,20,21,42
3341,2026-01-25,Segunda,10,15,22,32,33,38
3341,2026-01-25,Revancha,07,10,21,33,34,45
3341,2026-01-25,SiempreSale,10,12,13,18,38,40
3340,2026-01-21,Tradicional,08,11,14,17,18,31
3340,2026-01-21,Segunda,01,07,20,21,32,42
3340,2026-01-21,Revancha,00,33,35,37,38,43
3340,2026-01-21,SiempreSale,06,08,27,31,33,40
3339,2026-01-18,Tradicional,03,17,31,33,34,38
3339,2026-01-18,Segunda,14,19,26,30,37,40
3339,2026-01-18,Revancha,21,23,24,27,37,43
3339,2026-01-18,SiempreSale,04,05,09,13,20,29
3338,2026-01-14,Tradicional,07,18,25,27,37,41
3338,2026-01-14,Segunda,01,16,22,24,35,41
3338,2026-01-14,Revancha,02,03,18,22,25,36
3338,2026-01-14,SiempreSale,07,19,26,33,36,41
3337,2026-01-11,Tradicional,14,15,17,28,32,34
3337,2026-01-11,Segunda,01,04,06,10,22,45
3337,2026-01-11,Revancha,13,27,31,33,35,42
3337,2026-01-11,SiempreSale,04,06,07,17,19,35
3336,2026-01-07,Tradicional,04,09,27,29,39,40
3336,2026-01-07,Segunda,11,17,20,26,29,32
3336,2026-01-07,Revancha,05,13,16,32,35,39
3336,2026-01-07,SiempreSale,07,12,19,30,33,36
3335,2026-01-04,Tradicional,08,09,14,33,41,45
3335,2026-01-04,Segunda,10,14,16,32,41,44
3335,2026-01-04,Revancha,07,08,15,30,33,45
3335,2026-01-04,SiempreSale,06,19,23,24,31,45
3334,2025-12-31,Tradicional,05,13,22,38,40,43
3334,2025-12-31,Segunda,12,13,28,32,36,44
3334,2025-12-31,Revancha,08,12,21,31,36,40
3334,2025-12-31,SiempreSale,01,15,21,28,36,39
3333,2025-12-28,Tradicional,04,05,27,28,34,42
3333,2025-12-28,Segunda,03,06,16,38,42,45
3333,2025-12-28,Revancha,16,24,25,28,34,38
3333,2025-12-28,SiempreSale,07,13,15,25,35,41
3332,2025-12-24,Tradicional,08,10,25,33,35,42
3332,2025-12-24,Segunda,14,22,29,33,40,42
3332,2025-12-24,Revancha,08,15,31,34,35,42
3332,2025-12-24,SiempreSale,06,13,24,30,31,43
3331,2025-12-21,Tradicional,14,22,27,33,39,44
3331,2025-12-21,Segunda,03,07,24,31,39,44
3331,2025-12-21,Revancha,10,17,26,27,32,40
3331,2025-12-21,SiempreSale,06,17,19,22,29,41
3330,2025-12-17,Tradicional,12,14,17,32,36,45
3330,2025-12-17,Segunda,00,18,25,30,31,45
3330,2025-12-17,Revancha,03,19,20,25,29,38
3330,2025-12-17,SiempreSale,08,14,31,32,35,39
3329,2025-12-14,Tradicional,00,25,26,28,34,41
3329,2025-12-14,Segunda,08,17,28,29,35,43
3329,2025-12-14,Revancha,04,06,16,22,34,36
3329,2025-12-14,SiempreSale,02,13,31,32,40,43
3328,2025-12-10,Tradicional,03,05,12,24,29,41
3328,2025-12-10,Segunda,08,12,19,22,24,32
3328,2025-12-10,Revancha,01,04,10,24,35,40
3328,2025-12-10,SiempreSale,05,07,11,36,41,43
3327,2025-12-07,Tradicional,01,07,15,29,40,45
3327,2025-12-07,Segunda,04,16,29,31,34,45
3327,2025-12-07,Revancha,05,15,25,33,40,45
3327,2025-12-07,SiempreSale,05,14,17,29,33,43
3326,2025-12-03,Tradicional,06,21,22,34,37,42
3326,2025-12-03,Segunda,02,03,12,19,27,38
3326,2025-12-03,Revancha,03,15,21,22,30,32
3326,2025-12-03,SiempreSale,01,07,27,31,36,42
3325,2025-11-30,Tradicional,04,11,21,25,40,44
3325,2025-11-30,Segunda,08,14,16,22,24,41
3325,2025-11-30,Revancha,02,03,13,16,19,28
3325,2025-11-30,SiempreSale,13,22,36,39,40,44
3324,2025-11-26,Tradicional,02,04,10,18,32,44
3324,2025-11-26,Segunda,08,21,24,26,33,35
3324,2025-11-26,Revancha,20,25,34,36,40,41
3324,2025-11-26,SiempreSale,11,16,18,27,34,45
3323,2025-11-23,Tradicional,16,18,19,21,27,40
3323,2025-11-23,Segunda,00,02,14,18,19,36
3323,2025-11-23,Revancha,00,02,06,17,27,40
3323,2025-11-23,SiempreSale,04,06,30,36,40,41
3322,2025-11-19,Tradicional,12,14,24,29,37,45
3322,2025-11-19,Segunda,03,18,29,30,33,34
3322,2025-11-19,Revancha,04,05,10,32,35,39
3322,2025-11-19,SiempreSale,22,25,38,40,41,43
3321,2025-11-16,Tradicional,03,14,17,21,39,42
3321,2025-11-16,Segunda,00,01,12,22,29,44
3321,2025-11-16,Revancha,02,07,10,20,22,26
3321,2025-11-16,SiempreSale,05,19,20,24,26,43
3320,2025-11-12,Tradicional,02,09,16,20,38,45
3320,2025-11-12,Segunda,04,19,23,24,38,39
3320,2025-11-12,Revancha,19,28,32,34,37,41
3320,2025-11-12,SiempreSale,00,12,13,16,22,32
3319,2025-11-09,Tradicional,02,05,09,26,28,45
3319,2025-11-09,Segunda,05,17,18,21,22,26
3319,2025-11-09,Revancha,01,03,04,15,25,31
3319,2025-11-09,SiempreSale,17,30,33,37,40,41
3318,2025-11-05,Tradicional,09,12,21,29,33,36
3318,2025-11-05,Segunda,14,18,30,35,41,45
3318,2025-11-05,Revancha,01,12,24,31,32,38
3318,2025-11-05,SiempreSale,09,17,24,30,34,40
3317,2025-11-02,Tradicional,08,16,23,25,26,33
3317,2025-11-02,Segunda,20,22,31,34,38,40
3317,2025-11-02,Revancha,11,12,25,26,28,45
3317,2025-11-02,SiempreSale,00,04,10,16,36,44
3316,2025-10-29,Tradicional,17,23,35,37,39,43
3316,2025-10-29,Segunda,00,03,29,32,35,39
3316,2025-10-29,Revancha,08,11,17,22,37,39
3316,2025-10-29,SiempreSale,00,10,15,16,25,27
3315,2025-10-26,Tradicional,11,29,36,39,42,43
3315,2025-10-26,Segunda,05,14,20,24,32,34
3315,2025-10-26,Revancha,25,34,40,42,43,45
3315,2025-10-26,SiempreSale,17,29,31,33,35,39
3314,2025-10-22,Tradicional,02,04,10,37,38,44
3314,2025-10-22,Segunda,06,07,25,30,31,44
3314,2025-10-22,Revancha,03,14,15,20,38,40
3314,2025-10-22,SiempreSale,01,11,12,19,31,40
3313,2025-10-19,Tradicional,00,14,17,21,39,43
3313,2025-10-19,Segunda,06,21,26,33,41,44
3313,2025-10-19,Revancha,03,15,22,29,36,39
3313,2025-10-19,SiempreSale,01,22,23,24,29,35
3312,2025-10-15,Tradicional,03,04,06,31,35,43
3312,2025-10-15,Segunda,15,16,29,30,36,39
3312,2025-10-15,Revancha,00,02,03,17,21,22
3312,2025-10-15,SiempreSale,01,06,10,16,21,38
3311,2025-10-12,Tradicional,04,06,16,25,29,43
3311,2025-10-12,Segunda,00,12,18,28,29,43
3311,2025-10-12,Revancha,01,02,09,12,34,37
3311,2025-10-12,SiempreSale,01,06,12,17,25,33
3310,2025-10-08,Tradicional,12,13,14,23,34,40
3310,2025-10-08,Segunda,15,21,27,37,42,45
3310,2025-10-08,Revancha,16,21,24,25,34,45
3310,2025-10-08,SiempreSale,00,13,17,18,25,43
3309,2025-10-05,Tradicional,05,06,09,32,34,44
3309,2025-10-05,Segunda,06,13,20,25,44,45
3309,2025-10-05,Revancha,03,15,19,21,22,43
3309,2025-10-05,SiempreSale,06,20,26,30,41,45
3308,2025-10-01,Tradicional,08,25,30,31,32,36
3308,2025-10-01,Segunda,01,03,08,18,20,27
3308,2025-10-01,Revancha,17,20,22,25,29,31
3308,2025-10-01,SiempreSale,07,20,28,39,42,43
3307,2025-09-28,Tradicional,02,09,14,22,30,31
3307,2025-09-28,Segunda,04,10,12,13,18,33
3307,2025-09-28,Revancha,02,07,15,18,22,27
3307,2025-09-28,SiempreSale,11,12,23,28,33,38
3306,2025-09-24,Tradicional,12,18,21,34,37,41
3306,2025-09-24,Segunda,03,06,17,21,24,31
3306,2025-09-24,Revancha,00,03,23,30,32,35
3306,2025-09-24,SiempreSale,02,15,36,41,42,44
3305,2025-09-21,Tradicional,01,16,19,21,35,38
3305,2025-09-21,Segunda,11,20,21,23,30,37
3305,2025-09-21,Revancha,11,24,30,37,41,45
3305,2025-09-21,SiempreSale,14,18,21,25,29,45
3304,2025-09-17,Tradicional,04,12,19,39,40,44
3304,2025-09-17,Segunda,04,15,16,20,29,35
3304,2025-09-17,Revancha,04,11,15,22,31,36
3304,2025-09-17,SiempreSale,03,09,17,19,21,41
3303,2025-09-14,Tradicional,04,07,09,15,19,42
3303,2025-09-14,Segunda,00,04,09,13,22,30
3303,2025-09-14,Revancha,12,15,31,34,40,41
3303,2025-09-14,SiempreSale,01,06,11,31,42,44
3302,2025-09-10,Tradicional,16,21,27,29,31,32
3302,2025-09-10,Segunda,12,19,22,26,35,40
3302,2025-09-10,Revancha,06,12,18,24,30,44
3302,2025-09-10,SiempreSale,06,29,32,35,38,42
3301,2025-09-07,Tradicional,05,18,19,28,39,40
3301,2025-09-07,Segunda,17,18,19,24,25,43
3301,2025-09-07,Revancha,00,09,11,38,40,42
3301,2025-09-07,SiempreSale,03,04,20,27,31,41
3300,2025-09-03,Tradicional,20,24,29,33,39,43
3300,2025-09-03,Segunda,06,16,25,39,42,44
3300,2025-09-03,Revancha,00,01,30,35,39,42
3300,2025-09-03,SiempreSale,13,29,35,36,37,43
3299,2025-08-31,Tradicional,21,22,26,28,30,36
3299,2025-08-31,Segunda,00,12,18,30,35,42
3299,2025-08-31,Revancha,08,09,14,18,31,34
3299,2025-08-31,SiempreSale,01,03,20,28,29,40
3298,2025-08-27,Tradicional,08,10,11,17,38,45
3298,2025-08-27,Segunda,00,01,11,15,19,35
3298,2025-08-27,Revancha,23,24,32,33,44,45
3298,2025-08-27,SiempreSale,02,05,06,07,16,33
3297,2025-08-24,Tradicional,04,05,08,09,12,44
3297,2025-08-24,Segunda,06,07,09,22,25,34
3297,2025-08-24,Revancha,14,15,20,26,41,44
3297,2025-08-24,SiempreSale,26,30,33,35,40,44
3296,2025-08-20,Tradicional,05,14,16,18,32,42
3296,2025-08-20,Segunda,08,23,24,38,39,44
3296,2025-08-20,Revancha,10,16,23,34,38,44
3296,2025-08-20,SiempreSale,27,30,33,34,42,44
3295,2025-08-17,Tradicional,02,06,07,30,40,43
3295,2025-08-17,Segunda,25,26,28,33,34,35
3295,2025-08-17,Revancha,04,12,17,22,40,44
3295,2025-08-17,SiempreSale,05,10,11,17,24,34
3294,2025-08-13,Tradicional,16,18,20,22,28,31
3294,2025-08-13,Segunda,01,02,17,23,33,43
3294,2025-08-13,Revancha,03,11,12,29,39,40
3294,2025-08-13,SiempreSale,08,09,12,17,35,36
3293,2025-08-10,Tradicional,01,02,09,32,36,44
3293,2025-08-10,Segunda,06,15,19,22,32,39
3293,2025-08-10,Revancha,08,17,24,31,43,44
3293,2025-08-10,SiempreSale,07,09,13,23,32,35
3292,2025-08-06,Tradicional,00,18,26,29,32,42
3292,2025-08-06,Segunda,07,22,25,27,38,45
3292,2025-08-06,Revancha,16,24,33,34,40,44
3292,2025-08-06,SiempreSale,04,11,27,32,41,45
3291,2025-08-03,Tradicional,02,07,18,21,23,39
3291,2025-08-03,Segunda,00,07,09,15,18,27
3291,2025-08-03,Revancha,05,26,31,34,41,44
3291,2025-08-03,SiempreSale,10,15,23,26,39,44
3290,2025-07-30,Tradicional,10,20,24,30,35,43
3290,2025-07-30,Segunda,03,10,14,23,26,38
3290,2025-07-30,Revancha,00,31,34,35,38,40
3290,2025-07-30,SiempreSale,01,07,08,17,27,28
3289,2025-07-27,Tradicional,00,05,23,24,36,37
3289,2025-07-27,Segunda,00,12,26,32,34,38
3289,2025-07-27,Revancha,09,11,13,25,35,36
3289,2025-07-27,SiempreSale,04,06,12,21,24,28
3288,2025-07-23,Tradicional,09,12,24,31,36,43
3288,2025-07-23,Segunda,02,09,20,23,29,41
3288,2025-07-23,Revancha,09,16,20,21,23,44
3288,2025-07-23,SiempreSale,09,12,13,15,20,21
3287,2025-07-20,Tradicional,04,07,17,25,27,36
3287,2025-07-20,Segunda,00,04,06,09,20,37
3287,2025-07-20,Revancha,19,22,25,31,35,38
3287,2025-07-20,SiempreSale,10,14,26,34,38,45
3286,2025-07-16,Tradicional,04,08,36,37,40,41
3286,2025-07-16,Segunda,02,20,21,26,32,40
3286,2025-07-16,Revancha,08,09,10,13,24,31
3286,2025-07-16,SiempreSale,19,31,33,38,43,44
3285,2025-07-13,Tradicional,00,01,06,09,10,33
3285,2025-07-13,Segunda,07,11,14,27,33,38
3285,2025-07-13,Revancha,03,08,15,18,28,42
3285,2025-07-13,SiempreSale,02,10,13,14,29,40
3284,2025-07-09,Tradicional,08,23,27,29,30,32
3284,2025-07-09,Segunda,10,13,18,23,35,43
3284,2025-07-09,Revancha,13,14,20,23,26,34
3284,2025-07-09,SiempreSale,11,21,23,32,36,43
3283,2025-07-06,Tradicional,01,04,07,16,29,33
3283,2025-07-06,Segunda,08,17,18,23,43,45
3283,2025-07-06,Revancha,03,21,33,35,41,42
3283,2025-07-06,SiempreSale,01,04,10,29,31,43
3282,2025-07-02,Tradicional,04,06,13,16,22,32
3282,2025-07-02,Segunda,00,02,08,09,16,45
3282,2025-07-02,Revancha,01,04,18,19,31,36
3282,2025-07-02,SiempreSale,00,04,07,09,16,26
3281,2025-06-29,Tradicional,06,13,26,28,36,42
3281,2025-06-29,Segunda,05,13,19,22,26,32
3281,2025-06-29,Revancha,03,04,08,11,24,42
3281,2025-06-29,SiempreSale,01,04,05,06,38,39
3280,2025-06-25,Tradicional,01,05,07,10,15,34
3280,2025-06-25,Segunda,13,24,27,29,33,41
3280,2025-06-25,Revancha,14,16,19,32,40,45
3280,2025-06-25,SiempreSale,10,16,17,21,27,33
3279,2025-06-22,Tradicional,00,08,21,24,30,38
3279,2025-06-22,Segunda,01,04,13,20,29,31
3279,2025-06-22,Revancha,06,07,21,25,30,41
3279,2025-06-22,SiempreSale,06,13,17,27,32,40
3278,2025-06-18,Tradicional,02,10,27,34,41,44
3278,2025-06-18,Segunda,09,11,40,41,42,44
3278,2025-06-18,Revancha,09,11,26,32,41,42
3278,2025-06-18,SiempreSale,04,10,16,37,38,45
3277,2025-06-15,Tradicional,04,17,27,28,36,43
3277,2025-06-15,Segunda,05,31,32,34,41,44
3277,2025-06-15,Revancha,10,14,16,20,29,36
3277,2025-06-15,SiempreSale,06,07,28,33,39,42
3276,2025-06-11,Tradicional,13,17,25,33,34,41
3276,2025-06-11,Segunda,03,10,15,18,20,25
3276,2025-06-11,Revancha,15,16,19,24,26,27
3276,2025-06-11,SiempreSale,06,07,19,26,35,41
3275,2025-06-08,Tradicional,01,04,08,12,19,22
3275,2025-06-08,Segunda,05,10,13,15,18,22
3275,2025-06-08,Revancha,08,09,12,29,40,43
3275,2025-06-08,SiempreSale,00,01,09,12,17,29
3274,2025-06-04,Tradicional,04,17,21,25,33,34
3274,2025-06-04,Segunda,08,11,15,24,30,34
3274,2025-06-04,Revancha,04,20,27,30,33,40
3274,2025-06-04,SiempreSale,06,09,22,37,42,45
3273,2025-06-01,Tradicional,00,01,10,19,22,31
3273,2025-06-01,Segunda,26,27,34,36,37,45
3273,2025-06-01,Revancha,13,20,25,27,30,36
3273,2025-06-01,SiempreSale,17,18,21,25,26,42
3272,2025-05-28,Tradicional,04,08,15,17,25,30
3272,2025-05-28,Segunda,13,15,22,25,31,35
3272,2025-05-28,Revancha,08,15,19,22,35,43
3272,2025-05-28,SiempreSale,17,31,34,37,39,42
3271,2025-05-25,Tradicional,02,08,10,14,19,37
3271,2025-05-25,Segunda,01,09,13,14,18,38
3271,2025-05-25,Revancha,10,14,17,24,30,42
3271,2025-05-25,SiempreSale,13,29,30,36,38,42
3270,2025-05-21,Tradicional,08,13,18,23,36,37
3270,2025-05-21,Segunda,04,24,26,33,39,42
3270,2025-05-21,Revancha,00,02,05,40,42,44
3270,2025-05-21,SiempreSale,10,19,22,24,29,37
3269,2025-05-18,Tradicional,03,11,20,24,27,37
3269,2025-05-18,Segunda,04,08,15,21,22,29
3269,2025-05-18,Revancha,08,24,36,38,41,43
3269,2025-05-18,SiempreSale,08,10,23,27,28,29
3268,2025-05-14,Tradicional,05,16,19,26,27,37
3268,2025-05-14,Segunda,00,02,27,28,33,37
3268,2025-05-14,Revancha,02,20,29,31,33,44
3268,2025-05-14,SiempreSale,03,22,26,39,40,41
3267,2025-05-11,Tradicional,04,14,16,31,41,43
3267,2025-05-11,Segunda,12,17,31,33,35,42
3267,2025-05-11,Revancha,09,17,28,29,41,43
3267,2025-05-11,SiempreSale,08,11,12,15,20,30
3266,2025-05-07,Tradicional,07,13,24,33,37,45
3266,2025-05-07,Segunda,02,04,06,16,27,41
3266,2025-05-07,Revancha,08,10,12,17,31,45
3266,2025-05-07,SiempreSale,06,09,32,36,42,43
3265,2025-05-04,Tradicional,01,15,30,42,43,45
3265,2025-05-04,Segunda,00,10,19,21,38,44
3265,2025-05-04,Revancha,01,08,11,14,18,30
3265,2025-05-04,SiempreSale,15,26,31,34,39,45
3264,2025-04-30,Tradicional,03,26,29,30,33,43
3264,2025-04-30,Segunda,10,12,14,24,30,39
3264,2025-04-30,Revancha,13,15,19,33,38,40
3264,2025-04-30,SiempreSale,00,16,17,30,35,41
3263,2025-04-27,Tradicional,02,15,21,29,33,36
3263,2025-04-27,Segunda,09,12,13,16,26,41
3263,2025-04-27,Revancha,12,15,18,33,35,41
3263,2025-04-27,SiempreSale,03,06,08,17,20,21
3262,2025-04-23,Tradicional,02,06,07,17,36,45
3262,2025-04-23,Segunda,11,16,22,24,29,31
3262,2025-04-23,Revancha,02,08,10,18,19,37
3262,2025-04-23,SiempreSale,01,05,24,33,34,38
3261,2025-04-20,Tradicional,04,20,36,37,40,45
3261,2025-04-20,Segunda,00,03,12,13,27,41
3261,2025-04-20,Revancha,02,08,11,22,24,28
3261,2025-04-20,SiempreSale,04,21,29,31,39,45
3260,2025-04-16,Tradicional,05,08,14,18,25,31
3260,2025-04-16,Segunda,06,17,20,29,38,44
3260,2025-04-16,Revancha,10,19,23,43,44,45
3260,2025-04-16,SiempreSale,02,09,16,24,28,36
3259,2025-04-13,Tradicional,09,18,22,41,42,44
3259,2025-04-13,Segunda,12,18,30,31,41,42
3259,2025-04-13,Revancha,02,10,16,37,38,43
3259,2025-04-13,SiempreSale,00,02,11,14,19,38
3258,2025-04-09,Tradicional,02,05,09,13,29,38
3258,2025-04-09,Segunda,04,08,13,22,32,37
3258,2025-04-09,Revancha,07,15,24,27,37,42
3258,2025-04-09,SiempreSale,04,13,35,37,41,43
3257,2025-04-06,Tradicional,05,08,12,28,39,40
3257,2025-04-06,Segunda,08,16,19,33,38,39
3257,2025-04-06,Revancha,10,27,29,31,36,37
3257,2025-04-06,SiempreSale,03,04,05,06,22,41
3256,2025-04-02,Tradicional,03,16,17,25,29,38
3256,2025-04-02,Segunda,00,09,21,27,37,40
3256,2025-04-02,Revancha,07,14,18,24,26,37
3256,2025-04-02,SiempreSale,07,09,17,18,21,22
3255,2025-03-30,Tradicional,01,05,20,21,29,30
3255,2025-03-30,Segunda,13,14,17,22,24,39
3255,2025-03-30,Revancha,10,12,18,34,38,45
3255,2025-03-30,SiempreSale,00,03,17,25,33,44
3254,2025-03-26,Tradicional,00,01,11,13,27,44
3254,2025-03-26,Segunda,13,20,21,30,31,37
3254,2025-03-26,Revancha,16,22,29,38,43,45
3254,2025-03-26,SiempreSale,04,05,09,30,32,36
3253,2025-03-23,Tradicional,08,18,33,37,39,44
3253,2025-03-23,Segunda,02,08,12,15,26,38
3253,2025-03-23,Revancha,16,21,25,31,33,42
3253,2025-03-23,SiempreSale,08,13,20,24,27,32
3252,2025-03-19,Tradicional,00,05,12,26,29,42
3252,2025-03-19,Segunda,16,18,21,29,41,42
3252,2025-03-19,Revancha,01,14,16,19,28,32
3252,2025-03-19,SiempreSale,00,01,06,20,36,45
3251,2025-03-16,Tradicional,11,16,18,22,33,34
3251,2025-03-16,Segunda,08,18,23,27,38,42
3251,2025-03-16,Revancha,02,07,17,19,25,36
3251,2025-03-16,SiempreSale,01,06,17,24,36,42
3250,2025-03-12,Tradicional,10,12,13,19,22,44
3250,2025-03-12,Segunda,03,04,15,19,20,38
3250,2025-03-12,Revancha,02,10,14,31,39,44
3250,2025-03-12,SiempreSale,00,16,17,24,30,37
3249,2025-03-09,Tradicional,00,06,17,18,38,45
3249,2025-03-09,Segunda,03,15,26,29,31,37
3249,2025-03-09,Revancha,07,19,27,32,36,39
3249,2025-03-09,SiempreSale,04,10,12,16,18,26
3248,2025-03-05,Tradicional,09,16,34,38,42,43
3248,2025-03-05,Segunda,01,21,30,34,35,38
3248,2025-03-05,Revancha,00,01,08,12,25,44
3248,2025-03-05,SiempreSale,01,03,14,17,22,34
3247,2025-03-02,Tradicional,07,10,22,33,41,42
3247,2025-03-02,Segunda,07,18,25,27,28,35
3247,2025-03-02,Revancha,00,07,22,27,35,41
3247,2025-03-02,SiempreSale,05,08,09,12,37,45
3246,2025-02-26,Tradicional,03,16,21,29,36,45
3246,2025-02-26,Segunda,01,05,17,22,23,32
3246,2025-02-26,Revancha,04,13,14,17,29,30
3246,2025-02-26,SiempreSale,00,05,10,20,29,30
3245,2025-02-23,Tradicional,23,29,31,32,39,45
3245,2025-02-23,Segunda,02,07,10,25,30,43
3245,2025-02-23,Revancha,00,06,07,38,39,42
3245,2025-02-23,SiempreSale,02,14,23,26,42,44
3244,2025-02-19,Tradicional,09,22,25,31,37,42
3244,2025-02-19,Segunda,20,26,27,30,37,45
3244,2025-02-19,Revancha,15,17,24,25,33,36
3244,2025-02-19,SiempreSale,07,09,12,13,24,31
3243,2025-02-16,Tradicional,16,17,26,28,36,37
3243,2025-02-16,Segunda,01,02,15,27,28,45
3243,2025-02-16,Revancha,02,07,10,13,42,44
3243,2025-02-16,SiempreSale,04,10,15,20,23,33
3242,2025-02-12,Tradicional,16,17,19,25,39,43
3242,2025-02-12,Segunda,00,15,20,23,26,33
3242,2025-02-12,Revancha,03,08,15,36,38,41
3242,2025-02-12,SiempreSale,04,24,27,33,36,37
3241,2025-02-09,Tradicional,00,01,02,18,29,42
3241,2025-02-09,Segunda,02,05,09,16,22,23
3241,2025-02-09,Revancha,13,14,17,23,31,37
3241,2025-02-09,SiempreSale,03,15,32,36,38,42
3240,2025-02-05,Tradicional,00,07,16,29,31,43
3240,2025-02-05,Segunda,21,24,25,36,38,43
3240,2025-02-05,Revancha,06,11,12,15,17,39
3240,2025-02-05,SiempreSale,13,14,16,22,31,45
3239,2025-02-02,Tradicional,01,05,31,32,35,38
3239,2025-02-02,Segunda,07,09,13,27,42,45
3239,2025-02-02,Revancha,02,17,33,36,39,41
3239,2025-02-02,SiempreSale,05,08,20,24,28,42
3238,2025-01-29,Tradicional,00,02,09,13,14,25
3238,2025-01-29,Segunda,11,15,16,24,27,43
3238,2025-01-29,Revancha,15,16,27,30,32,35
3238,2025-01-29,SiempreSale,05,07,11,14,17,42
3237,2025-01-26,Tradicional,03,10,16,22,42,44
3237,2025-01-26,Segunda,14,17,22,24,26,30
3237,2025-01-26,Revancha,07,24,35,37,41,45
3237,2025-01-26,SiempreSale,05,16,21,22,35,42
3236,2025-01-22,Tradicional,00,18,22,29,35,39
3236,2025-01-22,Segunda,26,29,30,32,34,40
3236,2025-01-22,Revancha,12,13,16,18,22,24
3236,2025-01-22,SiempreSale,05,07,18,24,35,43
3235,2025-01-19,Tradicional,11,14,15,19,26,42
3235,2025-01-19,Segunda,00,14,15,20,27,28
3235,2025-01-19,Revancha,00,05,06,18,31,36
3235,2025-01-19,SiempreSale,01,05,16,25,27,32
3234,2025-01-15,Tradicional,11,15,22,37,38,43
3234,2025-01-15,Segunda,02,20,23,30,33,45
3234,2025-01-15,Revancha,02,06,13,34,37,44
3234,2025-01-15,SiempreSale,00,02,09,22,28,32
3233,2025-01-12,Tradicional,16,20,21,24,28,34
3233,2025-01-12,Segunda,11,15,28,33,38,40
3233,2025-01-12,Revancha,07,10,15,18,32,39
3233,2025-01-12,SiempreSale,04,05,09,12,17,18
3232,2025-01-08,Tradicional,09,16,19,23,27,44
3232,2025-01-08,Segunda,06,13,19,24,27,35
3232,2025-01-08,Revancha,16,19,22,26,35,43
3232,2025-01-08,SiempreSale,07,21,26,28,33,44
3231,2025-01-05,Tradicional,11,12,14,29,37,44
3231,2025-01-05,Segunda,02,08,09,22,31,34
3231,2025-01-05,Revancha,09,12,13,16,30,40
3231,2025-01-05,SiempreSale,01,08,15,30,34,35
3230,2024-12-31,Tradicional,08,13,26,28,31,36
3230,2024-12-31,Segunda,08,16,17,21,32,42
3230,2024-12-31,Revancha,07,10,20,26,38,41
3230,2024-12-31,SiempreSale,08,13,29,38,40,45
3229,2024-12-29,Tradicional,15,28,34,38,41,45
3229,2024-12-29,Segunda,08,12,19,21,31,34
3229,2024-12-29,Revancha,08,24,35,36,39,43
3229,2024-12-29,SiempreSale,00,06,19,26,28,43
3228,2024-12-24,Tradicional,00,17,20,29,35,39
3228,2024-12-24,Segunda,06,10,11,14,19,35
3228,2024-12-24,Revancha,01,06,10,28,32,44
3228,2024-12-24,SiempreSale,16,21,22,25,36,38
3227,2024-12-22,Tradicional,09,11,15,27,40,42
3227,2024-12-22,Segunda,01,03,19,20,23,40
3227,2024-12-22,Revancha,08,27,33,37,38,40
3227,2024-12-22,SiempreSale,14,19,22,25,32,42
3226,2024-12-18,Tradicional,02,09,16,20,27,36
3226,2024-12-18,Segunda,01,09,15,18,19,37
3226,2024-12-18,Revancha,08,16,33,34,37,44
3226,2024-12-18,SiempreSale,02,08,09,21,27,36
3225,2024-12-15,Tradicional,04,06,07,12,13,29
3225,2024-12-15,Segunda,11,13,40,41,42,45
3225,2024-12-15,Revancha,04,14,15,27,28,39
3225,2024-12-15,SiempreSale,06,09,18,22,36,40
3224,2024-12-11,Tradicional,02,10,23,24,32,42
3224,2024-12-11,Segunda,08,09,17,24,25,33
3224,2024-12-11,Revancha,01,16,24,25,36,41
3224,2024-12-11,SiempreSale,05,08,18,30,33,40
3223,2024-12-08,Tradicional,03,04,15,23,33,34
3223,2024-12-08,Segunda,07,12,16,20,24,45
3223,2024-12-08,Revancha,00,15,16,30,31,45
3223,2024-12-08,SiempreSale,00,05,11,22,38,39
3222,2024-12-04,Tradicional,00,01,34,35,37,41
3222,2024-12-04,Segunda,08,10,11,17,38,45
3222,2024-12-04,Revancha,04,06,07,16,34,38
3222,2024-12-04,SiempreSale,02,03,04,21,38,43
3221,2024-12-01,Tradicional,02,18,22,31,34,35
3221,2024-12-01,Segunda,13,16,34,35,42,43
3221,2024-12-01,Revancha,00,05,07,26,39,41
3221,2024-12-01,SiempreSale,10,23,34,38,44,45
3220,2024-11-27,Tradicional,05,06,07,09,29,41
3220,2024-11-27,Segunda,18,26,28,35,42,45
3220,2024-11-27,Revancha,03,05,08,19,20,41
3220,2024-11-27,SiempreSale,27,28,31,38,40,42
3219,2024-11-24,Tradicional,06,12,14,21,26,35
3219,2024-11-24,Segunda,18,21,33,35,38,45
3219,2024-11-24,Revancha,03,08,09,22,25,43
3219,2024-11-24,SiempreSale,00,02,07,19,27,39
3218,2024-11-20,Tradicional,10,16,19,20,27,43
3218,2024-11-20,Segunda,00,14,22,31,34,40
3218,2024-11-20,Revancha,18,19,20,24,40,42
3218,2024-11-20,SiempreSale,04,05,14,26,29,32
3217,2024-11-17,Tradicional,01,03,12,19,26,28
3217,2024-11-17,Segunda,16,21,22,29,36,42
3217,2024-11-17,Revancha,07,11,14,32,33,43
3217,2024-11-17,SiempreSale,02,07,18,36,37,45
3216,2024-11-13,Tradicional,04,11,18,19,24,35
3216,2024-11-13,Segunda,12,16,24,30,33,40
3216,2024-11-13,Revancha,01,14,19,25,36,40
3216,2024-11-13,SiempreSale,02,20,22,23,41,45
3215,2024-11-10,Tradicional,09,20,28,30,35,39
3215,2024-11-10,Segunda,02,06,08,12,14,45
3215,2024-11-10,Revancha,00,01,28,33,36,41
3215,2024-11-10,SiempreSale,03,11,15,17,31,45
3214,2024-11-06,Tradicional,07,14,27,29,38,44
3214,2024-11-06,Segunda,01,02,12,24,25,27
3214,2024-11-06,Revancha,01,04,05,11,32,33
3214,2024-11-06,SiempreSale,08,10,19,34,43,45
3213,2024-11-03,Tradicional,03,12,26,35,39,42
3213,2024-11-03,Segunda,00,26,28,30,32,41
3213,2024-11-03,Revancha,09,21,23,32,34,39
3213,2024-11-03,SiempreSale,08,10,15,17,23,38
3212,2024-10-30,Tradicional,02,03,10,40,42,43
3212,2024-10-30,Segunda,11,16,25,33,38,45
3212,2024-10-30,Revancha,07,08,25,27,29,36
3212,2024-10-30,SiempreSale,00,08,26,29,30,40
3211,2024-10-27,Tradicional,08,12,19,25,28,41
3211,2024-10-27,Segunda,02,26,27,29,39,44
3211,2024-10-27,Revancha,04,07,12,27,28,41
3211,2024-10-27,SiempreSale,13,14,18,21,23,40
3210,2024-10-23,Tradicional,03,06,11,16,34,43
3210,2024-10-23,Segunda,17,25,26,37,38,44
3210,2024-10-23,Revancha,17,27,30,33,34,44
3210,2024-10-23,SiempreSale,20,21,23,24,34,45
3209,2024-10-20,Tradicional,05,15,17,26,29,38
3209,2024-10-20,Segunda,12,17,21,22,26,39
3209,2024-10-20,Revancha,02,07,15,16,22,24
3209,2024-10-20,SiempreSale,07,12,13,16,35,41
3208,2024-10-16,Tradicional,14,19,20,35,37,45
3208,2024-10-16,Segunda,00,15,16,31,34,40
3208,2024-10-16,Revancha,01,06,13,14,22,33
3208,2024-10-16,SiempreSale,05,17,20,21,30,31
3207,2024-10-13,Tradicional,02,07,23,25,27,38
3207,2024-10-13,Segunda,08,15,22,25,32,36
3207,2024-10-13,Revancha,13,19,21,23,29,30
3207,2024-10-13,SiempreSale,04,16,30,34,41,45
3206,2024-10-09,Tradicional,00,23,25,28,31,34
3206,2024-10-09,Segunda,11,14,22,25,28,41
3206,2024-10-09,Revancha,07,19,25,36,41,42
3206,2024-10-09,SiempreSale,01,02,08,11,33,37
3205,2024-10-06,Tradicional,05,14,15,20,23,39
3205,2024-10-06,Segunda,15,27,30,33,35,45
3205,2024-10-06,Revancha,12,17,19,22,34,40
3205,2024-10-06,SiempreSale,01,10,24,28,37,42
3204,2024-10-02,Tradicional,05,09,17,29,37,43
3204,2024-10-02,Segunda,06,08,26,34,44,45
3204,2024-10-02,Revancha,11,14,15,17,20,28
3204,2024-10-02,SiempreSale,14,18,23,24,25,40
3203,2024-09-29,Tradicional,00,08,13,14,15,24
3203,2024-09-29,Segunda,17,19,25,33,37,45
3203,2024-09-29,Revancha,15,24,28,31,33,43
3203,2024-09-29,SiempreSale,00,03,18,35,38,44
3202,2024-09-25,Tradicional,05,15,23,26,31,45
3202,2024-09-25,Segunda,02,18,26,27,37,38
3202,2024-09-25,Revancha,11,13,14,24,28,45
3202,2024-09-25,SiempreSale,04,14,19,24,37,41
3201,2024-09-22,Tradicional,19,21,29,35,38,42
3201,2024-09-22,Segunda,06,13,14,16,32,39
3201,2024-09-22,Revancha,00,11,15,19,42,44
3201,2024-09-22,SiempreSale,07,12,16,28,37,38
3200,2024-09-18,Tradicional,09,12,14,23,28,39
3200,2024-09-18,Segunda,02,15,22,26,32,44
3200,2024-09-18,Revancha,12,18,19,22,30,38
3200,2024-09-18,SiempreSale,23,25,29,35,36,40
3199,2024-09-15,Tradicional,02,05,08,21,25,40
3199,2024-09-15,Segunda,09,27,30,35,37,45
3199,2024-09-15,Revancha,02,04,10,20,36,44
3199,2024-09-15,SiempreSale,04,26,37,39,40,45
3198,2024-09-11,Tradicional,22,24,31,33,34,42
3198,2024-09-11,Segunda,01,03,09,19,22,26
3198,2024-09-11,Revancha,17,20,33,36,38,45
3198,2024-09-11,SiempreSale,11,12,16,25,36,40
3197,2024-09-08,Tradicional,01,05,06,08,14,22
3197,2024-09-08,Segunda,02,04,11,21,26,37
3197,2024-09-08,Revancha,01,11,12,25,36,40
3197,2024-09-08,SiempreSale,02,14,16,20,29,42
3196,2024-09-04,Tradicional,03,06,25,27,34,40
3196,2024-09-04,Segunda,02,17,24,30,35,40
3196,2024-09-04,Revancha,04,05,09,15,16,29
3196,2024-09-04,SiempreSale,00,01,14,22,29,33
3195,2024-09-01,Tradicional,03,07,15,31,37,44
3195,2024-09-01,Segunda,09,15,19,25,28,34
3195,2024-09-01,Revancha,00,09,13,16,24,34
3195,2024-09-01,SiempreSale,04,06,07,11,21,27
3194,2024-08-28,Tradicional,11,17,19,35,43,44
3194,2024-08-28,Segunda,01,13,17,18,33,37
3194,2024-08-28,Revancha,02,09,11,19,41,44
3194,2024-08-28,SiempreSale,09,10,24,29,31,38
3193,2024-08-25,Tradicional,12,15,27,38,39,41
3193,2024-08-25,Segunda,08,09,16,18,28,42
3193,2024-08-25,Revancha,00,01,02,20,24,32
3193,2024-08-25,SiempreSale,03,08,16,18,40,44
3192,2024-08-21,Tradicional,07,16,18,24,25,27
3192,2024-08-21,Segunda,00,01,08,11,20,29
3192,2024-08-21,Revancha,10,11,25,27,33,39
3192,2024-08-21,SiempreSale,07,12,24,25,34,45
3191,2024-08-18,Tradicional,01,05,14,26,43,45
3191,2024-08-18,Segunda,03,20,30,32,37,44
3191,2024-08-18,Revancha,14,15,23,26,29,42
3191,2024-08-18,SiempreSale,01,02,08,20,39,42
3190,2024-08-14,Tradicional,10,16,24,27,33,43
3190,2024-08-14,Segunda,06,07,14,15,17,18
3190,2024-08-14,Revancha,01,11,19,22,35,43
3190,2024-08-14,SiempreSale,08,13,23,28,29,41
3189,2024-08-11,Tradicional,00,05,14,26,30,45
3189,2024-08-11,Segunda,02,09,32,34,37,38
3189,2024-08-11,Revancha,09,16,19,23,36,44
3189,2024-08-11,SiempreSale,02,03,14,39,40,43
3188,2024-08-07,Tradicional,02,06,23,25,34,39
3188,2024-08-07,Segunda,00,16,18,26,28,33
3188,2024-08-07,Revancha,02,13,17,18,27,35
3188,2024-08-07,SiempreSale,18,26,34,36,38,39
3187,2024-08-04,Tradicional,09,13,20,27,28,40
3187,2024-08-04,Segunda,08,21,22,35,37,39
3187,2024-08-04,Revancha,02,11,12,22,37,45
3187,2024-08-04,SiempreSale,00,11,22,30,36,42
3186,2024-07-31,Tradicional,00,10,27,38,41,42
3186,2024-07-31,Segunda,08,09,24,28,35,36
3186,2024-07-31,Revancha,00,24,25,27,33,44
3186,2024-07-31,SiempreSale,13,16,26,27,30,39
3185,2024-07-28,Tradicional,09,15,21,23,27,44
3185,2024-07-28,Segunda,03,05,30,35,37,38
3185,2024-07-28,Revancha,06,16,22,31,35,41
3185,2024-07-28,SiempreSale,04,25,28,29,40,44
3184,2024-07-24,Tradicional,02,06,07,20,34,36
3184,2024-07-24,Segunda,00,02,10,20,30,43
3184,2024-07-24,Revancha,04,18,21,34,35,44
3184,2024-07-24,SiempreSale,01,18,21,22,34,41
3183,2024-07-21,Tradicional,03,06,16,19,35,42
3183,2024-07-21,Segunda,08,16,25,29,32,44
3183,2024-07-21,Revancha,07,09,15,19,29,33
3183,2024-07-21,SiempreSale,15,19,20,25,40,42
3182,2024-07-17,Tradicional,02,07,22,32,38,41
3182,2024-07-17,Segunda,13,28,34,41,42,44
3182,2024-07-17,Revancha,02,04,12,20,36,44
3182,2024-07-17,SiempreSale,11,13,15,23,24,34
3181,2024-07-14,Tradicional,07,20,25,35,39,43
3181,2024-07-14,Segunda,07,09,33,35,39,44
3181,2024-07-14,Revancha,00,03,17,20,32,41
3181,2024-07-14,SiempreSale,06,14,30,36,40,42
3180,2024-07-10,Tradicional,02,15,17,19,20,36
3180,2024-07-10,Segunda,08,16,32,33,37,40
3180,2024-07-10,Revancha,07,14,26,33,35,40
3180,2024-07-10,SiempreSale,01,02,11,27,34,44
3179,2024-07-07,Tradicional,10,11,12,21,34,39
3179,2024-07-07,Segunda,08,11,20,24,33,41
3179,2024-07-07,Revancha,03,24,31,32,38,41
3179,2024-07-07,SiempreSale,02,12,13,14,34,38
3178,2024-07-03,Tradicional,01,09,27,29,35,36
3178,2024-07-03,Segunda,07,09,13,16,33,36
3178,2024-07-03,Revancha,10,12,20,41,42,43
3178,2024-07-03,SiempreSale,00,05,08,24,29,35
3177,2024-06-30,Tradicional,20,22,24,25,31,35
3177,2024-06-30,Segunda,00,18,21,33,34,40
3177,2024-06-30,Revancha,01,13,15,34,38,39
3177,2024-06-30,SiempreSale,03,08,14,16,26,44
3176,2024-06-26,Tradicional,06,08,13,14,25,34
3176,2024-06-26,Segunda,03,23,26,29,30,33
3176,2024-06-26,Revancha,11,14,20,27,28,43
3176,2024-06-26,SiempreSale,05,07,09,25,28,29
3175,2024-06-23,Tradicional,01,09,11,13,36,42
3175,2024-06-23,Segunda,04,06,08,16,37,42
3175,2024-06-23,Revancha,07,11,17,28,33,37
3175,2024-06-23,SiempreSale,04,21,23,29,34,37
3174,2024-06-19,Tradicional,01,02,06,24,27,32
3174,2024-06-19,Segunda,01,08,18,21,32,44
3174,2024-06-19,Revancha,00,09,13,14,21,36
3174,2024-06-19,SiempreSale,03,10,11,13,22,35
3173,2024-06-16,Tradicional,30,31,39,40,41,42
3173,2024-06-16,Segunda,02,05,14,19,20,37
3173,2024-06-16,Revancha,12,18,34,37,38,40
3173,2024-06-16,SiempreSale,17,19,28,29,32,45
3172,2024-06-12,Tradicional,00,01,07,16,26,44
3172,2024-06-12,Segunda,15,17,18,25,30,35
3172,2024-06-12,Revancha,01,08,09,23,24,33
3172,2024-06-12,SiempreSale,09,14,32,35,37,38
3171,2024-06-09,Tradicional,05,09,13,14,32,34
3171,2024-06-09,Segunda,05,08,11,13,15,18
3171,2024-06-09,Revancha,01,09,12,13,27,29
3171,2024-06-09,SiempreSale,01,19,22,33,36,42
3170,2024-06-05,Tradicional,03,05,09,18,24,35
3170,2024-06-05,Segunda,07,19,23,24,27,45
3170,2024-06-05,Revancha,12,14,20,26,33,39
3170,2024-06-05,SiempreSale,12,20,28,32,34,38
3169,2024-06-02,Tradicional,00,06,08,34,37,42
3169,2024-06-02,Segunda,00,15,33,37,38,41
3169,2024-06-02,Revancha,04,12,19,22,26,32
3169,2024-06-02,SiempreSale,02,06,20,23,26,42
3168,2024-05-29,Tradicional,11,27,31,40,42,44
3168,2024-05-29,Segunda,11,21,25,30,37,42
3168,2024-05-29,Revancha,01,03,09,12,22,34
3168,2024-05-29,SiempreSale,07,10,16,30,36,39
3167,2024-05-26,Tradicional,00,04,05,17,27,42
3167,2024-05-26,Segunda,15,31,33,35,41,42
3167,2024-05-26,Revancha,01,06,22,33,35,43
3167,2024-05-26,SiempreSale,11,14,19,36,38,41
3166,2024-05-22,Tradicional,10,22,26,29,30,41
3166,2024-05-22,Segunda,00,09,15,16,35,40
3166,2024-05-22,Revancha,08,13,14,32,35,42
3166,2024-05-22,SiempreSale,02,07,14,15,22,31
3165,2024-05-19,Tradicional,02,05,15,29,31,39
3165,2024-05-19,Segunda,03,04,05,10,22,37
3165,2024-05-19,Revancha,02,03,08,35,38,42
3165,2024-05-19,SiempreSale,00,07,14,19,36,39
3164,2024-05-15,Tradicional,01,03,17,19,24,30
3164,2024-05-15,Segunda,05,06,11,15,22,45
3164,2024-05-15,Revancha,01,08,15,29,40,41
3164,2024-05-15,SiempreSale,00,03,12,15,16,28
3163,2024-05-12,Tradicional,12,14,16,21,27,36
3163,2024-05-12,Segunda,00,14,16,20,24,45
3163,2024-05-12,Revancha,01,10,18,20,40,45
3163,2024-05-12,SiempreSale,02,15,33,34,35,40
3162,2024-05-08,Tradicional,01,05,07,18,27,35
3162,2024-05-08,Segunda,00,03,27,34,35,36
3162,2024-05-08,Revancha,04,08,12,23,25,44
3162,2024-05-08,SiempreSale,21,27,28,31,41,44
3161,2024-05-05,Tradicional,03,07,19,25,38,43
3161,2024-05-05,Segunda,01,02,11,17,22,40
3161,2024-05-05,Revancha,03,11,17,20,28,31
3161,2024-05-05,SiempreSale,03,05,06,12,28,34
3160,2024-05-01,Tradicional,03,19,23,29,32,35
3160,2024-05-01,Segunda,11,19,23,29,31,45
3160,2024-05-01,Revancha,11,14,18,21,31,39
3160,2024-05-01,SiempreSale,04,13,23,25,30,34
3159,2024-04-28,Tradicional,05,09,22,23,25,43
3159,2024-04-28,Segunda,13,23,25,30,39,45
3159,2024-04-28,Revancha,01,05,08,26,29,44
3159,2024-04-28,SiempreSale,04,05,17,31,37,38
3158,2024-04-24,Tradicional,04,24,36,40,42,44
3158,2024-04-24,Segunda,04,06,14,22,25,31
3158,2024-04-24,Revancha,02,14,20,23,30,39
3158,2024-04-24,SiempreSale,05,07,10,21,34,42
3157,2024-04-21,Tradicional,09,30,33,39,41,44
3157,2024-04-21,Segunda,07,10,16,23,28,33
3157,2024-04-21,Revancha,10,15,29,35,44,45
3157,2024-04-21,SiempreSale,04,05,12,23,33,44
3156,2024-04-17,Tradicional,09,14,22,28,29,41
3156,2024-04-17,Segunda,08,16,24,29,31,33
3156,2024-04-17,Revancha,08,12,24,25,42,45
3156,2024-04-17,SiempreSale,04,07,14,18,24,44
3155,2024-04-14,Tradicional,03,08,11,18,21,26
3155,2024-04-14,Segunda,00,02,08,14,32,34
3155,2024-04-14,Revancha,06,17,20,36,42,43
3155,2024-04-14,SiempreSale,20,23,25,32,34,37
3154,2024-04-10,Tradicional,09,10,11,21,26,37
3154,2024-04-10,Segunda,01,22,33,39,40,44
3154,2024-04-10,Revancha,06,07,08,11,33,39
3154,2024-04-10,SiempreSale,00,06,20,23,29,34
3153,2024-04-07,Tradicional,07,13,25,30,33,42
3153,2024-04-07,Segunda,00,14,29,32,35,39
3153,2024-04-07,Revancha,05,11,12,13,21,42
3153,2024-04-07,SiempreSale,04,11,17,35,37,40
3152,2024-04-03,Tradicional,09,18,24,26,27,42
3152,2024-04-03,Segunda,01,11,15,18,30,33
3152,2024-04-03,Revancha,06,07,09,12,13,20
3152,2024-04-03,SiempreSale,04,11,22,33,34,42
3151,2024-03-31,Tradicional,05,15,16,38,44,45
3151,2024-03-31,Segunda,00,09,10,23,26,30
3151,2024-03-31,Revancha,05,08,13,23,34,39
3151,2024-03-31,SiempreSale,07,17,28,32,37,40
3150,2024-03-27,Tradicional,07,12,17,26,39,41
3150,2024-03-27,Segunda,02,03,17,31,36,39
3150,2024-03-27,Revancha,01,16,21,31,37,43
3150,2024-03-27,SiempreSale,19,24,32,36,37,43
3149,2024-03-24,Tradicional,12,15,35,40,41,45
3149,2024-03-24,Segunda,00,11,13,28,29,44
3149,2024-03-24,Revancha,00,10,19,22,27,34
3149,2024-03-24,SiempreSale,04,10,24,26,28,39
3148,2024-03-20,Tradicional,00,02,08,10,26,43
3148,2024-03-20,Segunda,15,17,24,32,37,42
3148,2024-03-20,Revancha,06,19,22,30,36,42
3148,2024-03-20,SiempreSale,02,10,30,31,33,44
3147,2024-03-17,Tradicional,03,05,08,12,17,37
3147,2024-03-17,Segunda,29,34,38,39,44,45
3147,2024-03-17,Revancha,03,19,23,28,29,40
3147,2024-03-17,SiempreSale,08,14,15,23,36,44
3146,2024-03-13,Tradicional,12,23,31,33,35,41
3146,2024-03-13,Segunda,14,25,36,39,43,44
3146,2024-03-13,Revancha,01,08,10,15,34,42
3146,2024-03-13,SiempreSale,10,11,18,24,29,39
3145,2024-03-10,Tradicional,00,07,14,25,41,44
3145,2024-03-10,Segunda,00,08,15,23,29,37
3145,2024-03-10,Revancha,11,31,32,34,43,44
3145,2024-03-10,SiempreSale,05,25,33,36,37,42
3144,2024-03-06,Tradicional,06,12,24,30,38,45
3144,2024-03-06,Segunda,04,11,12,14,30,43
3144,2024-03-06,Revancha,02,18,24,26,28,29
3144,2024-03-06,SiempreSale,00,09,15,31,32,42
3143,2024-03-03,Tradicional,10,29,33,34,37,44
3143,2024-03-03,Segunda,02,21,22,31,41,45
3143,2024-03-03,Revancha,07,20,27,29,32,33
3143,2024-03-03,SiempreSale,11,12,13,37,42,44
3142,2024-02-28,Tradicional,04,16,17,31,35,39
3142,2024-02-28,Segunda,03,10,13,15,20,21
3142,2024-02-28,Revancha,02,10,17,19,30,37
3142,2024-02-28,SiempreSale,01,11,25,32,34,35
3141,2024-02-25,Tradicional,02,04,19,31,32,40
3141,2024-02-25,Segunda,05,09,12,35,39,42
3141,2024-02-25,Revancha,06,16,27,28,32,39
3141,2024-02-25,SiempreSale,05,18,23,30,34,44
3140,2024-02-21,Tradicional,10,11,15,36,38,45
3140,2024-02-21,Segunda,05,20,26,39,42,45
3140,2024-02-21,Revancha,19,29,32,36,37,42
3140,2024-02-21,SiempreSale,15,18,19,23,30,35
3139,2024-02-18,Tradicional,07,16,26,30,40,41
3139,2024-02-18,Segunda,12,18,19,20,32,38
3139,2024-02-18,Revancha,08,10,11,25,31,43
3139,2024-02-18,SiempreSale,03,10,12,37,41,44
3138,2024-02-14,Tradicional,04,05,21,25,30,35
3138,2024-02-14,Segunda,09,16,20,25,28,36
3138,2024-02-14,Revancha,01,03,16,33,34,38
3138,2024-02-14,SiempreSale,08,09,15,28,36,44
3137,2024-02-11,Tradicional,08,16,32,36,39,45
3137,2024-02-11,Segunda,00,02,03,08,14,16
3137,2024-02-11,Revancha,14,18,27,30,34,37
3137,2024-02-11,SiempreSale,09,11,20,22,27,33
3136,2024-02-07,Tradicional,06,08,17,33,41,43
3136,2024-02-07,Segunda,02,11,15,17,23,37
3136,2024-02-07,Revancha,10,17,20,30,36,39
3136,2024-02-07,SiempreSale,03,19,21,22,33,39
3135,2024-02-04,Tradicional,00,07,09,15,19,35
3135,2024-02-04,Segunda,29,34,36,37,43,44
3135,2024-02-04,Revancha,00,04,09,14,19,43
3135,2024-02-04,SiempreSale,20,26,33,39,41,44
3134,2024-01-31,Tradicional,11,12,16,23,39,44
3134,2024-01-31,Segunda,05,06,08,17,30,43
3134,2024-01-31,Revancha,00,03,04,17,24,27
3134,2024-01-31,SiempreSale,00,06,20,31,34,41
3133,2024-01-28,Tradicional,12,25,31,34,35,39
3133,2024-01-28,Segunda,14,19,27,35,36,41
3133,2024-01-28,Revancha,08,10,23,39,42,43
3133,2024-01-28,SiempreSale,22,29,30,38,42,45
3132,2024-01-24,Tradicional,01,09,11,19,37,40
3132,2024-01-24,Segunda,00,01,04,06,11,43
3132,2024-01-24,Revancha,02,05,11,13,30,36
3132,2024-01-24,SiempreSale,12,16,24,32,40,44
3131,2024-01-21,Tradicional,00,02,06,15,33,35
3131,2024-01-21,Segunda,04,21,29,31,33,38
3131,2024-01-21,Revancha,03,11,31,35,38,43
3131,2024-01-21,SiempreSale,04,06,11,15,19,27
3130,2024-01-17,Tradicional,05,09,12,15,17,22
3130,2024-01-17,Segunda,01,05,13,16,18,36
3130,2024-01-17,Revancha,01,09,27,34,38,43
3130,2024-01-17,SiempreSale,04,28,29,30,38,44
3129,2024-01-14,Tradicional,02,03,04,15,19,26
3129,2024-01-14,Segunda,03,07,11,22,33,38
3129,2024-01-14,Revancha,15,21,24,25,28,45
3129,2024-01-14,SiempreSale,19,23,24,27,30,38
3128,2024-01-10,Tradicional,00,19,21,30,31,39
3128,2024-01-10,Segunda,17,22,27,31,38,39
3128,2024-01-10,Revancha,02,17,19,22,33,45
3128,2024-01-10,SiempreSale,04,06,17,22,23,43
3127,2024-01-07,Tradicional,02,10,16,24,26,41
3127,2024-01-07,Segunda,00,08,23,29,30,44
3127,2024-01-07,Revancha,08,09,18,25,33,40
3127,2024-01-07,SiempreSale,27,31,34,35,38,41
3126,2024-01-03,Tradicional,01,04,08,16,18,35
3126,2024-01-03,Segunda,06,09,16,18,30,45
3126,2024-01-03,Revancha,21,29,36,37,40,44
3126,2024-01-03,SiempreSale,00,09,11,28,37,41
3125,2023-12-31,Tradicional,01,04,33,36,39,40
3125,2023-12-31,Segunda,07,15,18,38,43,45
3125,2023-12-31,Revancha,05,14,20,25,36,43
3125,2023-12-31,SiempreSale,09,18,27,33,39,41
3124,2023-12-27,Tradicional,06,10,11,13,35,36
3124,2023-12-27,Segunda,03,05,08,11,14,18
3124,2023-12-27,Revancha,01,17,24,33,34,42
3124,2023-12-27,SiempreSale,02,10,33,35,40,43
3123,2023-12-24,Tradicional,03,24,27,31,40,44
3123,2023-12-24,Segunda,06,12,21,36,40,42
3123,2023-12-24,Revancha,10,11,20,24,42,45
3123,2023-12-24,SiempreSale,02,05,12,33,36,38
3122,2023-12-20,Tradicional,02,17,29,33,35,39
3122,2023-12-20,Segunda,01,09,11,19,43,45
3122,2023-12-20,Revancha,09,10,18,33,41,45
3122,2023-12-20,SiempreSale,03,19,23,24,31,35
3121,2023-12-17,Tradicional,07,14,21,23,36,44
3121,2023-12-17,Segunda,05,29,33,35,36,39
3121,2023-12-17,Revancha,07,12,20,26,38,45
3121,2023-12-17,SiempreSale,12,18,29,33,36,41
3120,2023-12-13,Tradicional,19,20,24,29,38,44
3120,2023-12-13,Segunda,01,09,14,19,31,40
3120,2023-12-13,Revancha,17,21,30,37,38,39
3120,2023-12-13,SiempreSale,05,07,12,15,20,24
3119,2023-12-10,Tradicional,05,08,17,24,31,33
3119,2023-12-10,Segunda,03,13,16,24,39,41
3119,2023-12-10,Revancha,00,13,16,19,29,40
3119,2023-12-10,SiempreSale,01,09,10,12,13,35
3118,2023-12-06,Tradicional,02,11,20,30,36,37
3118,2023-12-06,Segunda,03,14,20,32,37,38
3118,2023-12-06,Revancha,08,13,15,34,37,44
3118,2023-12-06,SiempreSale,07,17,21,25,29,30
3117,2023-12-03,Tradicional,08,11,20,32,38,41
3117,2023-12-03,Segunda,13,14,26,29,39,43
3117,2023-12-03,Revancha,02,05,12,18,19,39
3117,2023-12-03,SiempreSale,00,22,23,25,26,37
3116,2023-11-29,Tradicional,00,16,17,26,31,40
3116,2023-11-29,Segunda,07,11,22,30,33,44
3116,2023-11-29,Revancha,03,07,09,11,27,42
3116,2023-11-29,SiempreSale,03,06,08,11,17,19
3115,2023-11-26,Tradicional,04,07,14,17,18,21
3115,2023-11-26,Segunda,15,16,24,33,36,41
3115,2023-11-26,Revancha,03,23,24,35,37,43
3115,2023-11-26,SiempreSale,03,04,07,15,21,30
3114,2023-11-22,Tradicional,03,09,15,18,23,35
3114,2023-11-22,Segunda,16,24,29,32,34,44
3114,2023-11-22,Revancha,12,13,21,23,44,45
3114,2023-11-22,SiempreSale,05,06,16,17,39,43
3113,2023-11-19,Tradicional,00,05,08,21,28,39
3113,2023-11-19,Segunda,12,18,28,32,41,44
3113,2023-11-19,Revancha,09,20,24,38,40,44
3113,2023-11-19,SiempreSale,00,08,13,15,29,35
3112,2023-11-15,Tradicional,00,12,17,27,35,41
3112,2023-11-15,Segunda,12,20,23,35,36,37
3112,2023-11-15,Revancha,13,15,20,29,41,44
3112,2023-11-15,SiempreSale,02,09,15,17,18,30
3111,2023-11-12,Tradicional,02,05,13,23,28,42
3111,2023-11-12,Segunda,01,08,16,21,28,37
3111,2023-11-12,Revancha,04,07,15,37,40,43
3111,2023-11-12,SiempreSale,04,08,22,27,29,43
3110,2023-11-08,Tradicional,01,07,10,16,18,20
3110,2023-11-08,Segunda,10,18,22,25,30,32
3110,2023-11-08,Revancha,05,25,27,28,30,44
3110,2023-11-08,SiempreSale,19,31,32,33,38,40
3109,2023-11-05,Tradicional,05,09,25,31,38,45
3109,2023-11-05,Segunda,00,06,18,19,20,38
3109,2023-11-05,Revancha,12,27,31,33,38,44
3109,2023-11-05,SiempreSale,01,06,07,15,39,45
3108,2023-11-01,Tradicional,08,14,16,30,40,44
3108,2023-11-01,Segunda,02,07,12,22,28,45
3108,2023-11-01,Revancha,00,08,32,35,39,43
3108,2023-11-01,SiempreSale,06,14,21,28,37,41
3107,2023-10-29,Tradicional,03,05,11,18,31,38
3107,2023-10-29,Segunda,16,20,21,24,35,37
3107,2023-10-29,Revancha,15,21,27,32,37,45
3107,2023-10-29,SiempreSale,00,09,22,26,28,45
3106,2023-10-25,Tradicional,14,17,19,23,25,43
3106,2023-10-25,Segunda,01,09,17,24,25,32
3106,2023-10-25,Revancha,04,10,18,23,27,36
3106,2023-10-25,SiempreSale,20,21,24,27,32,33
3105,2023-10-22,Tradicional,10,26,40,41,44,45
3105,2023-10-22,Segunda,13,17,19,25,39,42
3105,2023-10-22,Revancha,14,15,33,37,39,40
3105,2023-10-22,SiempreSale,03,25,26,35,40,44
3104,2023-10-18,Tradicional,01,02,19,23,32,38
3104,2023-10-18,Segunda,00,01,04,12,14,35
3104,2023-10-18,Revancha,03,06,15,22,37,40
3104,2023-10-18,SiempreSale,01,07,09,15,18,45
3103,2023-10-15,Tradicional,04,11,17,22,29,44
3103,2023-10-15,Segunda,02,07,12,14,23,35
3103,2023-10-15,Revancha,13,18,26,29,44,45
3103,2023-10-15,SiempreSale,19,23,25,30,32,42
3102,2023-10-11,Tradicional,04,08,12,14,32,39
3102,2023-10-11,Segunda,07,08,11,22,35,39
3102,2023-10-11,Revancha,05,08,14,22,27,38
3102,2023-10-11,SiempreSale,07,13,23,37,38,41
3101,2023-10-08,Tradicional,04,09,23,28,41,45
3101,2023-10-08,Segunda,03,10,16,19,30,45
3101,2023-10-08,Revancha,04,24,26,41,43,44
3101,2023-10-08,SiempreSale,07,13,14,21,25,26
3100,2023-10-04,Tradicional,00,04,09,26,41,44
3100,2023-10-04,Segunda,05,12,19,28,36,39
3100,2023-10-04,Revancha,05,31,33,35,36,42
3100,2023-10-04,SiempreSale,00,08,15,17,27,32
3099,2023-10-01,Tradicional,06,14,19,23,33,35
3099,2023-10-01,Segunda,08,15,29,34,41,43
3099,2023-10-01,Revancha,01,12,14,27,29,35
3099,2023-10-01,SiempreSale,09,14,28,33,35,42
3098,2023-09-27,Tradicional,04,10,15,23,37,43
3098,2023-09-27,Segunda,00,08,20,21,24,26
3098,2023-09-27,Revancha,20,23,28,34,38,44
3098,2023-09-27,SiempreSale,00,02,21,26,34,38
3097,2023-09-24,Tradicional,06,21,24,31,41,45
3097,2023-09-24,Segunda,06,09,14,27,31,40
3097,2023-09-24,Revancha,00,07,20,28,37,44
3097,2023-09-24,SiempreSale,00,01,14,27,29,41
3096,2023-09-20,Tradicional,03,19,21,28,32,42
3096,2023-09-20,Segunda,02,14,16,38,40,42
3096,2023-09-20,Revancha,21,25,29,34,42,45
3096,2023-09-20,SiempreSale,01,02,06,25,37,42
3095,2023-09-17,Tradicional,04,08,15,27,28,45
3095,2023-09-17,Segunda,05,13,17,22,31,32
3095,2023-09-17,Revancha,14,16,21,22,41,42
3095,2023-09-17,SiempreSale,29,35,37,41,43,45
3094,2023-09-13,Tradicional,03,05,32,34,40,45
3094,2023-09-13,Segunda,17,22,38,41,42,45
3094,2023-09-13,Revancha,04,13,17,29,34,38
3094,2023-09-13,SiempreSale,01,29,37,40,41,42
3093,2023-09-10,Tradicional,01,06,17,21,24,44
3093,2023-09-10,Segunda,04,11,20,33,36,39
3093,2023-09-10,Revancha,01,11,21,26,37,43
3093,2023-09-10,SiempreSale,02,05,13,19,20,26
3092,2023-09-06,Tradicional,09,15,19,32,39,42
3092,2023-09-06,Segunda,06,12,13,36,40,44
3092,2023-09-06,Revancha,02,05,11,16,17,34
3092,2023-09-06,SiempreSale,08,11,13,19,25,35
3091,2023-09-03,Tradicional,06,09,13,17,26,41
3091,2023-09-03,Segunda,01,05,10,34,38,41
3091,2023-09-03,Revancha,02,16,17,24,29,31
3091,2023-09-03,SiempreSale,02,03,13,25,26,32
3090,2023-08-30,Tradicional,06,09,29,30,38,41
3090,2023-08-30,Segunda,06,11,12,13,21,42
3090,2023-08-30,Revancha,05,16,18,32,37,40
3090,2023-08-30,SiempreSale,08,22,26,27,30,32
3089,2023-08-27,Tradicional,04,13,18,19,33,42
3089,2023-08-27,Segunda,08,24,26,27,34,40
3089,2023-08-27,Revancha,14,26,27,31,36,39
3089,2023-08-27,SiempreSale,09,15,31,35,44,45
3088,2023-08-23,Tradicional,06,08,21,36,40,43
3088,2023-08-23,Segunda,09,10,13,24,31,40
3088,2023-08-23,Revancha,05,08,17,35,39,44
3088,2023-08-23,SiempreSale,05,14,23,32,33,42
3087,2023-08-20,Tradicional,05,08,19,20,22,42
3087,2023-08-20,Segunda,05,06,09,13,19,42
3087,2023-08-20,Revancha,02,06,12,19,23,41
3087,2023-08-20,SiempreSale,01,07,10,26,27,31
3086,2023-08-16,Tradicional,23,29,32,39,40,42
3086,2023-08-16,Segunda,02,04,07,09,10,24
3086,2023-08-16,Revancha,16,20,28,30,38,41
3086,2023-08-16,SiempreSale,02,09,10,20,35,40
3085,2023-08-13,Tradicional,03,10,18,28,32,33
3085,2023-08-13,Segunda,26,31,35,38,40,45
3085,2023-08-13,Revancha,11,16,19,28,37,42
3085,2023-08-13,SiempreSale,11,21,27,40,41,45
3084,2023-08-09,Tradicional,02,04,20,27,35,37
3084,2023-08-09,Segunda,03,04,05,08,28,43
3084,2023-08-09,Revancha,04,13,15,21,35,43
3084,2023-08-09,SiempreSale,15,19,20,29,32,37
3083,2023-08-06,Tradicional,07,11,15,16,28,38
3083,2023-08-06,Segunda,10,18,25,28,32,40
3083,2023-08-06,Revancha,04,12,21,32,35,44
3083,2023-08-06,SiempreSale,02,14,22,34,37,42
3082,2023-08-02,Tradicional,05,07,14,15,19,25
3082,2023-08-02,Segunda,06,09,10,20,27,41
3082,2023-08-02,Revancha,17,27,29,30,32,33
3082,2023-08-02,SiempreSale,23,24,26,29,39,40
3081,2023-07-30,Tradicional,18,20,22,36,39,40
3081,2023-07-30,Segunda,02,11,15,19,31,37
3081,2023-07-30,Revancha,04,05,11,20,23,26
3081,2023-07-30,SiempreSale,04,25,26,29,31,36
3080,2023-07-26,Tradicional,01,17,20,26,29,31
3080,2023-07-26,Segunda,01,07,16,18,22,23
3080,2023-07-26,Revancha,00,09,16,35,40,41
3080,2023-07-26,SiempreSale,01,03,17,28,35,37
3079,2023-07-23,Tradicional,01,04,09,21,32,43
3079,2023-07-23,Segunda,07,23,26,38,41,43
3079,2023-07-23,Revancha,06,09,26,32,33,40
3079,2023-07-23,SiempreSale,06,07,15,17,36,40
3078,2023-07-19,Tradicional,01,23,27,30,39,41
3078,2023-07-19,Segunda,09,24,32,34,36,44
3078,2023-07-19,Revancha,02,10,18,20,25,36
3078,2023-07-19,SiempreSale,00,03,09,24,29,45
3077,2023-07-16,Tradicional,05,06,10,28,42,43
3077,2023-07-16,Segunda,06,20,23,38,41,44
3077,2023-07-16,Revancha,02,06,17,18,43,44
3077,2023-07-16,SiempreSale,04,09,10,13,40,43
3076,2023-07-12,Tradicional,12,17,30,34,35,37
3076,2023-07-12,Segunda,06,07,09,14,17,24
3076,2023-07-12,Revancha,00,04,15,29,31,32
3076,2023-07-12,SiempreSale,06,14,18,27,32,37
3075,2023-07-09,Tradicional,06,24,31,40,43,45
3075,2023-07-09,Segunda,05,09,13,18,40,41
3075,2023-07-09,Revancha,04,05,10,23,34,37
3075,2023-07-09,SiempreSale,04,12,21,23,25,43
3074,2023-07-05,Tradicional,04,05,07,08,21,23
3074,2023-07-05,Segunda,11,15,24,37,41,43
3074,2023-07-05,Revancha,04,06,13,16,19,34
3074,2023-07-05,SiempreSale,00,14,21,26,36,39
3073,2023-07-02,Tradicional,07,13,14,25,35,45
3073,2023-07-02,Segunda,00,03,08,20,36,40
3073,2023-07-02,Revancha,06,11,13,19,23,32
3073,2023-07-02,SiempreSale,11,24,28,30,31,39
3072,2023-06-28,Tradicional,00,02,12,13,24,37
3072,2023-06-28,Segunda,01,02,37,39,41,45
3072,2023-06-28,Revancha,01,25,34,38,43,44
3072,2023-06-28,SiempreSale,06,09,19,31,36,41
3071,2023-06-25,Tradicional,08,15,24,29,32,36
3071,2023-06-25,Segunda,04,09,14,30,35,38
3071,2023-06-25,Revancha,10,14,16,20,31,36
3071,2023-06-25,SiempreSale,17,22,27,29,35,45
3070,2023-06-21,Tradicional,00,07,15,16,36,42
3070,2023-06-21,Segunda,07,08,32,34,35,39
3070,2023-06-21,Revancha,08,20,23,24,31,34
3070,2023-06-21,SiempreSale,16,17,20,25,27,40
3069,2023-06-18,Tradicional,08,13,19,30,37,43
3069,2023-06-18,Segunda,00,23,26,32,33,42
3069,2023-06-18,Revancha,01,05,06,12,21,37
3069,2023-06-18,SiempreSale,02,04,15,19,27,37
3068,2023-06-14,Tradicional,00,06,07,25,42,43
3068,2023-06-14,Segunda,12,18,22,23,32,36
3068,2023-06-14,Revancha,02,05,13,19,32,45
3068,2023-06-14,SiempreSale,03,04,16,22,30,35
3067,2023-06-11,Tradicional,11,14,21,42,43,44
3067,2023-06-11,Segunda,02,11,12,16,28,45
3067,2023-06-11,Revancha,15,19,23,24,37,38
3067,2023-06-11,SiempreSale,17,18,25,26,31,45
3066,2023-06-07,Tradicional,04,05,09,11,29,31
3066,2023-06-07,Segunda,10,11,13,19,22,40
3066,2023-06-07,Revancha,03,17,25,37,38,44
3066,2023-06-07,SiempreSale,14,21,23,29,32,45
3065,2023-06-04,Tradicional,06,13,21,36,37,45
3065,2023-06-04,Segunda,06,12,27,28,30,41
3065,2023-06-04,Revancha,06,20,24,26,28,37
3065,2023-06-04,SiempreSale,01,05,20,26,31,39
3064,2023-05-31,Tradicional,03,13,26,30,33,45
3064,2023-05-31,Segunda,00,02,10,11,25,31
3064,2023-05-31,Revancha,11,20,27,32,33,36
3064,2023-05-31,SiempreSale,13,26,28,29,40,44
3063,2023-05-28,Tradicional,01,18,19,20,27,40
3063,2023-05-28,Segunda,10,13,24,25,35,43
3063,2023-05-28,Revancha,04,09,10,19,35,43
3063,2023-05-28,SiempreSale,07,13,15,28,30,39
3062,2023-05-24,Tradicional,13,18,26,28,35,45
3062,2023-05-24,Segunda,02,07,13,25,32,42
3062,2023-05-24,Revancha,07,09,29,30,39,41
3062,2023-05-24,SiempreSale,06,12,23,36,44,45
3061,2023-05-21,Tradicional,01,15,25,38,39,44
3061,2023-05-21,Segunda,10,17,25,35,42,45
3061,2023-05-21,Revancha,09,11,16,20,22,43
3061,2023-05-21,SiempreSale,01,06,13,17,34,38
3060,2023-05-17,Tradicional,02,08,12,16,31,39
3060,2023-05-17,Segunda,03,13,27,31,33,40
3060,2023-05-17,Revancha,08,24,25,35,36,41
3060,2023-05-17,SiempreSale,09,14,18,19,20,27
3059,2023-05-14,Tradicional,03,07,09,28,33,36
3059,2023-05-14,Segunda,10,11,16,20,21,29
3059,2023-05-14,Revancha,06,14,18,27,30,45
3059,2023-05-14,SiempreSale,03,06,08,20,36,39
3058,2023-05-10,Tradicional,23,33,39,41,43,44
3058,2023-05-10,Segunda,02,30,31,36,39,41
3058,2023-05-10,Revancha,05,09,28,30,41,45
3058,2023-05-10,SiempreSale,07,20,23,34,35,36
3057,2023-05-07,Tradicional,07,08,09,10,15,17
3057,2023-05-07,Segunda,22,30,38,41,44,45
3057,2023-05-07,Revancha,00,18,20,21,26,28
3057,2023-05-07,SiempreSale,08,11,32,35,36,38
3056,2023-05-03,Tradicional,05,08,15,19,25,36
3056,2023-05-03,Segunda,21,33,40,41,42,43
3056,2023-05-03,Revancha,00,09,13,32,39,45
3056,2023-05-03,SiempreSale,08,11,14,25,41,42
3055,2023-04-30,Tradicional,11,14,29,31,36,40
3055,2023-04-30,Segunda,10,12,13,14,39,44
3055,2023-04-30,Revancha,16,21,31,32,34,38
3055,2023-04-30,SiempreSale,00,22,28,34,35,41
3054,2023-04-26,Tradicional,07,12,26,29,34,45
3054,2023-04-26,Segunda,09,21,26,29,30,43
3054,2023-04-26,Revancha,13,17,22,28,38,40
3054,2023-04-26,SiempreSale,04,06,08,11,25,42
3053,2023-04-23,Tradicional,00,15,22,33,35,41
3053,2023-04-23,Segunda,09,17,23,24,35,44
3053,2023-04-23,Revancha,00,04,08,09,11,16
3053,2023-04-23,SiempreSale,16,26,28,29,30,34
3052,2023-04-19,Tradicional,11,17,20,26,41,43
3052,2023-04-19,Segunda,02,06,17,19,29,35
3052,2023-04-19,Revancha,00,06,11,12,19,26
3052,2023-04-19,SiempreSale,08,15,16,21,31,44
3051,2023-04-16,Tradicional,22,27,34,36,38,44
3051,2023-04-16,Segunda,02,05,32,34,38,43
3051,2023-04-16,Revancha,04,13,15,19,29,40
3051,2023-04-16,SiempreSale,06,11,24,25,34,43
3050,2023-04-12,Tradicional,09,11,14,15,25,29
3050,2023-04-12,Segunda,01,11,27,28,34,37
3050,2023-04-12,Revancha,04,13,18,29,35,38
3050,2023-04-12,SiempreSale,14,15,23,32,34,37
3049,2023-04-09,Tradicional,00,04,09,17,29,41
3049,2023-04-09,Segunda,14,15,16,22,30,34
3049,2023-04-09,Revancha,21,26,29,32,41,42
3049,2023-04-09,SiempreSale,04,10,27,31,35,41
3048,2023-04-05,Tradicional,06,15,24,26,28,29
3048,2023-04-05,Segunda,01,06,11,22,29,36
3048,2023-04-05,Revancha,01,02,11,26,30,42
3048,2023-04-05,SiempreSale,00,03,06,23,30,31
3047,2023-04-02,Tradicional,12,21,31,32,34,36
3047,2023-04-02,Segunda,02,07,08,16,23,28
3047,2023-04-02,Revancha,02,03,13,15,23,35
3047,2023-04-02,SiempreSale,00,02,04,16,34,41
3046,2023-03-29,Tradicional,03,26,31,38,44,45
3046,2023-03-29,Segunda,04,15,29,32,37,42
3046,2023-03-29,Revancha,04,24,25,26,38,43
3046,2023-03-29,SiempreSale,03,27,29,31,36,40
3045,2023-03-26,Tradicional,02,06,09,18,19,38
3045,2023-03-26,Segunda,06,11,16,24,28,37
3045,2023-03-26,Revancha,03,10,13,17,25,33
3045,2023-03-26,SiempreSale,00,09,13,15,16,31
3044,2023-03-22,Tradicional,01,19,24,25,27,35
3044,2023-03-22,Segunda,06,19,23,25,31,33
3044,2023-03-22,Revancha,07,14,26,31,38,42
3044,2023-03-22,SiempreSale,04,25,38,41,43,45
3043,2023-03-19,Tradicional,00,15,19,39,43,44
3043,2023-03-19,Segunda,03,12,15,18,24,28
3043,2023-03-19,Revancha,12,14,16,27,37,41
3043,2023-03-19,SiempreSale,00,18,23,33,35,42
3042,2023-03-15,Tradicional,08,14,17,23,26,39
3042,2023-03-15,Segunda,01,05,13,14,18,30
3042,2023-03-15,Revancha,01,05,07,21,30,35
3042,2023-03-15,SiempreSale,07,12,18,19,27,29
3041,2023-03-12,Tradicional,07,18,21,32,37,39
3041,2023-03-12,Segunda,00,02,15,22,31,38
3041,2023-03-12,Revancha,18,21,28,31,35,43
3041,2023-03-12,SiempreSale,09,14,22,36,39,41
3040,2023-03-08,Tradicional,00,02,07,13,24,38
3040,2023-03-08,Segunda,00,12,14,37,38,41
3040,2023-03-08,Revancha,04,10,14,19,22,42
3040,2023-03-08,SiempreSale,02,09,16,22,40,45
3039,2023-03-05,Tradicional,01,12,16,21,25,30
3039,2023-03-05,Segunda,00,15,30,32,43,45
3039,2023-03-05,Revancha,07,11,21,23,24,37
3039,2023-03-05,SiempreSale,01,05,25,27,28,36
3038,2023-03-01,Tradicional,07,12,13,30,32,39
3038,2023-03-01,Segunda,01,11,13,14,17,44
3038,2023-03-01,Revancha,13,19,22,24,30,31
3038,2023-03-01,SiempreSale,07,11,18,30,34,45
3037,2023-02-26,Tradicional,02,09,13,24,35,40
3037,2023-02-26,Segunda,00,01,03,08,16,39
3037,2023-02-26,Revancha,09,18,33,36,38,42
3037,2023-02-26,SiempreSale,12,29,37,38,42,43
3036,2023-02-22,Tradicional,01,08,17,25,33,45
3036,2023-02-22,Segunda,07,24,36,37,39,40
3036,2023-02-22,Revancha,04,17,31,36,37,38
3036,2023-02-22,SiempreSale,08,12,21,35,44,45
3035,2023-02-19,Tradicional,14,15,21,23,39,43
3035,2023-02-19,Segunda,04,13,17,20,37,38
3035,2023-02-19,Revancha,06,13,14,16,20,21
3035,2023-02-19,SiempreSale,02,14,36,38,43,45
3034,2023-02-15,Tradicional,06,17,24,26,34,40
3034,2023-02-15,Segunda,03,05,08,17,26,33
3034,2023-02-15,Revancha,01,14,19,25,27,45
3034,2023-02-15,SiempreSale,06,12,33,34,35,38
3033,2023-02-12,Tradicional,03,08,12,16,21,26
3033,2023-02-12,Segunda,00,04,17,23,25,43
3033,2023-02-12,Revancha,02,15,18,32,39,40
3033,2023-02-12,SiempreSale,01,15,19,21,23,39
3032,2023-02-08,Tradicional,02,13,19,25,30,32
3032,2023-02-08,Segunda,08,09,11,27,40,45
3032,2023-02-08,Revancha,08,14,21,27,40,42
3032,2023-02-08,SiempreSale,12,13,19,21,40,44
3031,2023-02-05,Tradicional,14,16,29,32,36,40
3031,2023-02-05,Segunda,09,19,25,33,41,44
3031,2023-02-05,Revancha,12,22,25,30,38,41
3031,2023-02-05,SiempreSale,00,01,11,17,20,28
3030,2023-02-01,Tradicional,03,05,15,31,34,43
3030,2023-02-01,Segunda,07,15,16,17,38,41
3030,2023-02-01,Revancha,28,30,31,37,42,45
3030,2023-02-01,SiempreSale,04,08,18,30,35,45
3029,2023-01-29,Tradicional,00,01,08,12,15,19
3029,2023-01-29,Segunda,02,05,37,38,39,45
3029,2023-01-29,Revancha,00,17,26,30,35,38
3029,2023-01-29,SiempreSale,03,11,13,27,31,36
3028,2023-01-25,Tradicional,01,15,18,20,31,38
3028,2023-01-25,Segunda,01,04,07,21,35,43
3028,2023-01-25,Revancha,09,30,31,34,36,45
3028,2023-01-25,SiempreSale,00,08,16,27,41,43
3027,2023-01-22,Tradicional,02,06,12,15,36,42
3027,2023-01-22,Segunda,18,22,27,35,40,41
3027,2023-01-22,Revancha,00,31,35,36,37,41
3027,2023-01-22,SiempreSale,04,05,08,12,31,32
3026,2023-01-18,Tradicional,01,04,15,19,27,43
3026,2023-01-18,Segunda,13,20,30,36,38,44
3026,2023-01-18,Revancha,00,12,15,29,42,43
3026,2023-01-18,SiempreSale,02,09,12,14,29,35
3025,2023-01-15,Tradicional,06,08,15,36,39,44
3025,2023-01-15,Segunda,01,08,20,36,39,42
3025,2023-01-15,Revancha,03,04,07,10,33,43
3025,2023-01-15,SiempreSale,01,02,06,12,15,43
3024,2023-01-11,Tradicional,05,06,22,25,34,35
3024,2023-01-11,Segunda,02,07,12,14,25,27
3024,2023-01-11,Revancha,04,09,13,21,28,31
3024,2023-01-11,SiempreSale,01,05,07,17,30,36
3023,2023-01-08,Tradicional,06,15,23,38,43,44
3023,2023-01-08,Segunda,00,13,16,22,25,38
3023,2023-01-08,Revancha,03,06,22,27,41,42
3023,2023-01-08,SiempreSale,05,26,27,29,35,39
3022,2023-01-04,Tradicional,03,09,20,36,39,43
3022,2023-01-04,Segunda,13,15,19,28,30,42
3022,2023-01-04,Revancha,11,12,14,25,26,44
3022,2023-01-04,SiempreSale,02,17,21,35,37,43
3021,2023-01-02,Tradicional,06,10,11,22,27,28
3021,2023-01-02,Segunda,07,21,28,30,34,36
3021,2023-01-02,Revancha,02,07,24,25,27,40
3021,2023-01-02,SiempreSale,00,05,12,26,29,36
3020,2022-12-28,Tradicional,01,08,19,20,23,40
3020,2022-12-28,Segunda,08,16,21,26,43,44
3020,2022-12-28,Revancha,02,09,11,15,17,20
3020,2022-12-28,SiempreSale,05,15,22,34,35,43
3019,2022-12-26,Tradicional,01,02,06,17,31,34
3019,2022-12-26,Segunda,01,10,14,30,34,35
3019,2022-12-26,Revancha,02,04,15,21,26,30
3019,2022-12-26,SiempreSale,08,15,24,29,40,45
3018,2022-12-18,Tradicional,06,11,17,28,31,43
3018,2022-12-18,Segunda,00,03,25,28,35,37
3018,2022-12-18,Revancha,08,19,21,28,34,36
3018,2022-12-18,SiempreSale,05,13,14,15,17,19
3017,2022-12-14,Tradicional,06,16,23,24,40,41
3017,2022-12-14,Segunda,02,04,12,29,38,44
3017,2022-12-14,Revancha,03,14,20,22,36,41
3017,2022-12-14,SiempreSale,09,11,15,22,30,32
3016,2022-12-11,Tradicional,00,09,17,26,37,42
3016,2022-12-11,Segunda,07,16,19,22,31,39
3016,2022-12-11,Revancha,02,19,21,30,33,42
3016,2022-12-11,SiempreSale,01,02,06,10,15,23
3015,2022-12-07,Tradicional,10,12,17,26,30,43
3015,2022-12-07,Segunda,01,07,17,21,35,40
3015,2022-12-07,Revancha,01,05,06,09,10,20
3015,2022-12-07,SiempreSale,01,02,13,17,24,40
3014,2022-12-04,Tradicional,11,14,21,28,30,37
3014,2022-12-04,Segunda,09,10,15,16,17,42
3014,2022-12-04,Revancha,02,32,35,39,41,42
3014,2022-12-04,SiempreSale,08,09,19,20,35,36
3013,2022-11-30,Tradicional,17,20,24,30,34,36
3013,2022-11-30,Segunda,03,05,11,24,26,36
3013,2022-11-30,Revancha,00,06,08,12,24,34
3013,2022-11-30,SiempreSale,02,06,08,10,21,44
3012,2022-11-27,Tradicional,04,09,20,26,31,45
3012,2022-11-27,Segunda,11,18,26,33,36,41
3012,2022-11-27,Revancha,08,10,13,27,33,41
3012,2022-11-27,SiempreSale,03,04,10,14,22,25
3011,2022-11-23,Tradicional,03,08,09,14,21,27
3011,2022-11-23,Segunda,03,04,13,18,26,27
3011,2022-11-23,Revancha,02,04,13,18,22,34
3011,2022-11-23,SiempreSale,02,17,22,23,36,38
3010,2022-11-20,Tradicional,01,03,09,12,25,40
3010,2022-11-20,Segunda,14,16,17,33,39,43
3010,2022-11-20,Revancha,01,17,19,37,38,43
3010,2022-11-20,SiempreSale,10,17,18,20,24,45
3009,2022-11-13,Tradicional,07,16,23,25,32,36
3009,2022-11-13,Segunda,05,12,21,29,33,44
3009,2022-11-13,Revancha,00,08,16,25,39,40
3009,2022-11-13,SiempreSale,07,09,19,24,34,38
3008,2022-11-09,Tradicional,04,07,09,22,25,44
3008,2022-11-09,Segunda,01,04,13,37,41,45
3008,2022-11-09,Revancha,01,29,33,35,40,44
3008,2022-11-09,SiempreSale,09,15,25,27,29,41
3007,2022-11-06,Tradicional,22,32,34,37,41,45
3007,2022-11-06,Segunda,11,18,30,35,38,39
3007,2022-11-06,Revancha,08,17,19,37,38,39
3007,2022-11-06,SiempreSale,02,24,25,31,44,45
3006,2022-11-02,Tradicional,00,10,12,25,37,40
3006,2022-11-02,Segunda,12,15,26,29,42,43
3006,2022-11-02,Revancha,08,11,17,27,29,43
3006,2022-11-02,SiempreSale,04,07,20,25,33,34
3005,2022-10-30,Tradicional,16,26,31,38,39,44
3005,2022-10-30,Segunda,06,08,13,29,40,41
3005,2022-10-30,Revancha,04,11,31,36,41,43
3005,2022-10-30,SiempreSale,08,10,23,24,40,42
3004,2022-10-26,Tradicional,05,23,26,29,31,44
3004,2022-10-26,Segunda,02,03,12,16,31,38
3004,2022-10-26,Revancha,03,06,08,21,42,43
3004,2022-10-26,SiempreSale,10,12,29,32,38,44
3003,2022-10-23,Tradicional,09,12,25,30,31,37
3003,2022-10-23,Segunda,04,07,10,13,26,43
3003,2022-10-23,Revancha,00,14,18,24,40,41
3003,2022-10-23,SiempreSale,08,09,20,23,30,36
3002,2022-10-19,Tradicional,01,06,10,16,19,28
3002,2022-10-19,Segunda,02,12,15,17,34,40
3002,2022-10-19,Revancha,00,17,21,30,35,39
3002,2022-10-19,SiempreSale,02,08,12,13,29,44
3001,2022-10-16,Tradicional,04,05,06,26,32,43
3001,2022-10-16,Segunda,05,09,19,31,33,45
3001,2022-10-16,Revancha,09,11,13,21,40,41
3001,2022-10-16,SiempreSale,09,14,16,22,27,44
3000,2022-10-12,Tradicional,03,05,26,28,34,36
3000,2022-10-12,Segunda,13,24,25,33,39,43
3000,2022-10-12,Revancha,11,26,31,32,37,43
3000,2022-10-12,SiempreSale,03,12,23,27,34,38
2999,2022-10-09,Tradicional,05,09,16,18,21,25
2999,2022-10-09,Segunda,08,16,20,21,28,29
2999,2022-10-09,Revancha,07,16,20,35,39,43
2999,2022-10-09,SiempreSale,12,14,18,32,40,45
2998,2022-10-05,Tradicional,16,28,31,35,39,40
2998,2022-10-05,Segunda,03,07,08,12,13,30
2998,2022-10-05,Revancha,02,10,16,17,28,40
2998,2022-10-05,SiempreSale,00,05,15,21,35,36
2997,2022-10-02,Tradicional,00,02,05,32,33,41
2997,2022-10-02,Segunda,12,13,15,23,38,42
2997,2022-10-02,Revancha,05,14,15,19,34,42
2997,2022-10-02,SiempreSale,08,11,22,23,32,43
2996,2022-09-28,Tradicional,03,08,10,13,18,41
2996,2022-09-28,Segunda,04,07,09,25,33,39
2996,2022-09-28,Revancha,06,16,19,26,27,30
2996,2022-09-28,SiempreSale,19,27,33,40,42,43
2995,2022-09-25,Tradicional,02,18,21,25,40,45
2995,2022-09-25,Segunda,05,20,22,23,38,44
2995,2022-09-25,Revancha,01,20,29,30,40,42
2995,2022-09-25,SiempreSale,02,05,28,29,35,37
2994,2022-09-21,Tradicional,01,04,10,15,17,33
2994,2022-09-21,Segunda,12,21,22,26,27,36
2994,2022-09-21,Revancha,08,15,27,29,32,35
2994,2022-09-21,SiempreSale,00,18,19,23,35,42
2993,2022-09-18,Tradicional,03,04,12,14,21,44
2993,2022-09-18,Segunda,08,10,11,22,25,42
2993,2022-09-18,Revancha,08,11,13,21,27,40
2993,2022-09-18,SiempreSale,02,05,08,12,16,21
2992,2022-09-14,Tradicional,00,05,15,16,21,38
2992,2022-09-14,Segunda,11,15,20,22,27,31
2992,2022-09-14,Revancha,05,09,11,17,20,23
2992,2022-09-14,SiempreSale,11,12,21,24,26,40
2991,2022-09-11,Tradicional,00,02,13,14,26,44
2991,2022-09-11,Segunda,02,08,12,14,20,36
2991,2022-09-11,Revancha,03,16,24,26,27,42
2991,2022-09-11,SiempreSale,03,10,11,20,25,31
2990,2022-09-07,Tradicional,00,12,24,28,38,42
2990,2022-09-07,Segunda,03,06,11,35,44,45
2990,2022-09-07,Revancha,06,14,15,26,36,37
2990,2022-09-07,SiempreSale,03,10,11,21,23,29
2989,2022-09-04,Tradicional,03,11,24,32,34,42
2989,2022-09-04,Segunda,02,08,10,23,26,35
2989,2022-09-04,Revancha,07,14,20,29,32,44
2989,2022-09-04,SiempreSale,01,12,23,24,31,37
2988,2022-09-01,Tradicional,16,24,25,34,38,44
2988,2022-09-01,Segunda,01,04,09,30,33,43
2988,2022-09-01,Revancha,13,17,18,25,36,44
2988,2022-09-01,SiempreSale,01,02,09,11,30,39
2987,2022-08-28,Tradicional,00,13,19,23,29,32
2987,2022-08-28,Segunda,08,10,16,34,40,42
2987,2022-08-28,Revancha,03,04,05,23,31,44
2987,2022-08-28,SiempreSale,05,15,21,23,28,34
2986,2022-08-24,Tradicional,10,24,34,35,38,45
2986,2022-08-24,Segunda,07,11,16,17,19,40
2986,2022-08-24,Revancha,07,30,34,35,40,44
2986,2022-08-24,SiempreSale,04,11,13,27,42,43
2985,2022-08-21,Tradicional,00,09,12,17,24,32
2985,2022-08-21,Segunda,11,12,23,29,37,42
2985,2022-08-21,Revancha,14,15,16,20,29,40
2985,2022-08-21,SiempreSale,02,15,17,28,29,38
2984,2022-08-17,Tradicional,02,12,17,18,24,32
2984,2022-08-17,Segunda,06,20,24,27,28,42
2984,2022-08-17,Revancha,00,16,28,34,35,45
2984,2022-08-17,SiempreSale,00,03,16,19,40,45
2983,2022-08-14,Tradicional,02,04,05,10,14,30
2983,2022-08-14,Segunda,05,14,26,43,44,45
2983,2022-08-14,Revancha,06,24,27,34,35,39
2983,2022-08-14,SiempreSale,07,22,23,28,29,36
2982,2022-08-10,Tradicional,03,04,10,14,16,40
2982,2022-08-10,Segunda,01,05,10,28,34,45
2982,2022-08-10,Revancha,00,10,16,18,19,44
2982,2022-08-10,SiempreSale,05,12,13,22,23,42
2981,2022-08-07,Tradicional,00,01,06,07,11,23
2981,2022-08-07,Segunda,05,09,13,15,18,25
2981,2022-08-07,Revancha,06,18,27,32,34,38
2981,2022-08-07,SiempreSale,00,03,09,18,33,34
2980,2022-08-03,Tradicional,10,17,25,33,41,44
2980,2022-08-03,Segunda,16,18,20,21,26,33
2980,2022-08-03,Revancha,12,13,20,23,32,45
2980,2022-08-03,SiempreSale,05,07,21,24,41,45
2979,2022-07-31,Tradicional,02,06,12,21,40,45
2979,2022-07-31,Segunda,09,11,16,24,26,42
2979,2022-07-31,Revancha,02,07,08,21,23,38
2979,2022-07-31,SiempreSale,04,06,10,17,18,30
2978,2022-07-27,Tradicional,01,04,36,37,40,41
2978,2022-07-27,Segunda,03,15,16,20,34,44
2978,2022-07-27,Revancha,04,13,14,19,23,39
2978,2022-07-27,SiempreSale,18,24,29,32,41,45
2977,2022-07-24,Tradicional,15,22,24,29,36,41
2977,2022-07-24,Segunda,11,27,29,32,37,38
2977,2022-07-24,Revancha,03,15,21,23,28,29
2977,2022-07-24,SiempreSale,07,17,19,29,36,45
2976,2022-07-20,Tradicional,09,12,21,39,41,44
2976,2022-07-20,Segunda,10,11,22,23,35,40
2976,2022-07-20,Revancha,01,06,17,20,28,44
2976,2022-07-20,SiempreSale,02,09,10,25,28,37
2975,2022-07-17,Tradicional,01,23,24,25,34,45
2975,2022-07-17,Segunda,00,08,25,27,34,41
2975,2022-07-17,Revancha,04,06,10,16,19,30
2975,2022-07-17,SiempreSale,00,14,23,24,33,34
2974,2022-07-13,Tradicional,00,14,31,33,39,40
2974,2022-07-13,Segunda,01,11,17,19,20,35
2974,2022-07-13,Revancha,00,07,11,17,25,45
2974,2022-07-13,SiempreSale,03,14,18,22,35,44
2973,2022-07-10,Tradicional,02,03,16,36,39,44
2973,2022-07-10,Segunda,09,21,24,28,42,44
2973,2022-07-10,Revancha,12,16,19,28,33,35
2973,2022-07-10,SiempreSale,01,04,22,28,31,41
2972,2022-07-06,Tradicional,02,03,04,08,25,36
2972,2022-07-06,Segunda,04,10,18,21,33,43
2972,2022-07-06,Revancha,00,11,19,23,29,42
2972,2022-07-06,SiempreSale,05,06,09,24,34,37
2971,2022-07-03,Tradicional,07,19,20,28,31,44
2971,2022-07-03,Segunda,04,09,22,32,34,42
2971,2022-07-03,Revancha,06,08,17,19,22,42
2971,2022-07-03,SiempreSale,02,05,10,15,16,18
2970,2022-06-29,Tradicional,04,06,10,17,21,31
2970,2022-06-29,Segunda,03,04,05,06,35,38
2970,2022-06-29,Revancha,00,14,23,26,36,43
2970,2022-06-29,SiempreSale,18,21,24,32,37,39
2969,2022-06-26,Tradicional,01,04,23,31,42,43
2969,2022-06-26,Segunda,09,15,17,19,33,40
2969,2022-06-26,Revancha,01,07,22,33,37,45
2969,2022-06-26,SiempreSale,00,03,18,19,36,44
2968,2022-06-22,Tradicional,14,20,22,26,28,45
2968,2022-06-22,Segunda,14,24,27,38,39,44
2968,2022-06-22,Revancha,05,08,33,37,38,41
2968,2022-06-22,SiempreSale,02,08,10,13,24,28
2967,2022-06-19,Tradicional,00,08,13,16,21,28
2967,2022-06-19,Segunda,09,12,24,25,33,43
2967,2022-06-19,Revancha,09,17,22,25,32,43
2967,2022-06-19,SiempreSale,22,29,32,35,36,37
2966,2022-06-15,Tradicional,01,07,11,16,41,45
2966,2022-06-15,Segunda,04,07,28,34,37,40
2966,2022-06-15,Revancha,03,05,25,26,36,44
2966,2022-06-15,SiempreSale,04,17,20,34,37,41
2965,2022-06-12,Tradicional,01,07,10,19,33,38
2965,2022-06-12,Segunda,00,04,16,19,30,38
2965,2022-06-12,Revancha,10,11,12,13,24,37
2965,2022-06-12,SiempreSale,05,15,29,30,37,40
2964,2022-06-08,Tradicional,00,02,03,24,41,45
2964,2022-06-08,Segunda,01,26,31,32,38,42
2964,2022-06-08,Revancha,04,07,21,24,31,45
2964,2022-06-08,SiempreSale,01,05,09,11,15,27
2963,2022-06-05,Tradicional,08,17,21,30,38,44
2963,2022-06-05,Segunda,03,10,11,21,24,40
2963,2022-06-05,Revancha,00,04,24,29,32,38
2963,2022-06-05,SiempreSale,00,01,09,14,39,44
2962,2022-06-01,Tradicional,12,18,23,38,39,43
2962,2022-06-01,Segunda,00,09,18,33,36,37
2962,2022-06-01,Revancha,00,05,17,29,33,42
2962,2022-06-01,SiempreSale,07,14,16,28,38,41
2961,2022-05-29,Tradicional,00,01,03,05,12,17
2961,2022-05-29,Segunda,17,32,34,35,36,45
2961,2022-05-29,Revancha,02,05,12,16,19,43
2961,2022-05-29,SiempreSale,05,08,11,17,26,39
2960,2022-05-25,Tradicional,01,19,21,26,39,43
2960,2022-05-25,Segunda,14,17,18,25,37,41
2960,2022-05-25,Revancha,10,14,18,34,36,42
2960,2022-05-25,SiempreSale,10,13,19,26,35,45
2959,2022-05-22,Tradicional,04,14,17,27,39,43
2959,2022-05-22,Segunda,01,06,19,20,25,37
2959,2022-05-22,Revancha,08,13,16,39,41,42
2959,2022-05-22,SiempreSale,02,08,11,18,25,45
2958,2022-05-18,Tradicional,02,03,07,26,30,34
2958,2022-05-18,Segunda,01,02,03,18,22,33
2958,2022-05-18,Revancha,04,10,23,24,37,40
2958,2022-05-18,SiempreSale,01,03,07,16,28,30
2957,2022-05-15,Tradicional,04,07,10,14,26,33
2957,2022-05-15,Segunda,11,19,28,30,33,36
2957,2022-05-15,Revancha,02,11,18,27,40,44
2957,2022-05-15,SiempreSale,05,06,12,18,32,34
2956,2022-05-11,Tradicional,11,14,22,32,35,44
2956,2022-05-11,Segunda,01,03,14,24,32,38
2956,2022-05-11,Revancha,01,05,08,10,25,30
2956,2022-05-11,SiempreSale,12,14,20,21,39,44
2955,2022-05-08,Tradicional,06,12,20,26,27,32
2955,2022-05-08,Segunda,02,03,19,22,25,40
2955,2022-05-08,Revancha,01,07,12,23,28,32
2955,2022-05-08,SiempreSale,11,13,30,32,38,44
2954,2022-05-04,Tradicional,01,08,11,19,22,23
2954,2022-05-04,Segunda,07,14,15,26,27,42
2954,2022-05-04,Revancha,10,14,30,37,40,45
2954,2022-05-04,SiempreSale,01,02,09,20,40,43
2953,2022-05-01,Tradicional,04,06,14,21,22,38
2953,2022-05-01,Segunda,16,18,20,34,35,38
2953,2022-05-01,Revancha,15,16,28,36,38,40
2953,2022-05-01,SiempreSale,11,13,18,24,25,33
2952,2022-04-27,Tradicional,02,04,08,15,16,38
2952,2022-04-27,Segunda,01,09,13,24,27,33
2952,2022-04-27,Revancha,01,03,21,32,39,42
2952,2022-04-27,SiempreSale,11,17,29,35,36,41
2951,2022-04-24,Tradicional,02,09,16,17,31,42
2951,2022-04-24,Segunda,08,19,37,38,40,41
2951,2022-04-24,Revancha,01,07,08,17,20,42
2951,2022-04-24,SiempreSale,15,18,19,27,37,43
2950,2022-04-20,Tradicional,11,20,23,27,31,37
2950,2022-04-20,Segunda,04,12,31,36,38,45
2950,2022-04-20,Revancha,04,10,11,24,38,43
2950,2022-04-20,SiempreSale,04,06,09,19,28,45
2949,2022-04-17,Tradicional,00,10,13,24,38,43
2949,2022-04-17,Segunda,12,14,25,29,33,39
2949,2022-04-17,Revancha,01,11,19,27,32,34
2949,2022-04-17,SiempreSale,19,22,34,36,39,42
2948,2022-04-13,Tradicional,04,15,17,25,36,39
2948,2022-04-13,Segunda,00,06,19,29,33,44
2948,2022-04-13,Revancha,02,20,26,27,31,36
2948,2022-04-13,SiempreSale,16,17,32,40,41,43
2947,2022-04-10,Tradicional,05,07,09,13,15,44
2947,2022-04-10,Segunda,04,08,22,37,44,45
2947,2022-04-10,Revancha,12,18,24,32,36,42
2947,2022-04-10,SiempreSale,03,10,11,16,31,43
2946,2022-04-06,Tradicional,11,16,18,32,41,42
2946,2022-04-06,Segunda,01,03,25,26,27,39
2946,2022-04-06,Revancha,10,28,32,37,43,45
2946,2022-04-06,SiempreSale,04,11,15,25,29,31
2945,2022-04-03,Tradicional,00,04,05,14,37,43
2945,2022-04-03,Segunda,06,17,36,38,43,44
2945,2022-04-03,Revancha,02,05,28,32,36,45
2945,2022-04-03,SiempreSale,02,09,10,17,21,28
2944,2022-03-30,Tradicional,13,18,21,38,42,44
2944,2022-03-30,Segunda,07,24,27,32,41,44
2944,2022-03-30,Revancha,00,04,08,18,35,37
2944,2022-03-30,SiempreSale,00,10,14,16,32,37
2943,2022-03-27,Tradicional,12,20,23,24,30,32
2943,2022-03-27,Segunda,12,20,27,36,38,42
2943,2022-03-27,Revancha,03,12,16,17,24,33
2943,2022-03-27,SiempreSale,02,10,14,18,22,41
2942,2022-03-23,Tradicional,07,08,27,28,38,41
2942,2022-03-23,Segunda,02,12,14,21,31,36
2942,2022-03-23,Revancha,07,10,19,25,29,36
2942,2022-03-23,SiempreSale,11,17,23,26,30,35
2941,2022-03-20,Tradicional,02,16,21,23,29,41
2941,2022-03-20,Segunda,19,21,24,31,38,40
2941,2022-03-20,Revancha,08,11,14,33,38,43
2941,2022-03-20,SiempreSale,02,03,15,17,29,45
2940,2022-03-16,Tradicional,00,02,07,13,23,43
2940,2022-03-16,Segunda,07,11,16,17,21,38
2940,2022-03-16,Revancha,05,07,19,21,32,42
2940,2022-03-16,SiempreSale,07,11,25,41,42,43
2939,2022-03-13,Tradicional,08,10,16,22,34,42
2939,2022-03-13,Segunda,00,14,17,38,39,43
2939,2022-03-13,Revancha,11,15,33,36,38,42
2939,2022-03-13,SiempreSale,00,03,15,32,33,41
2938,2022-03-09,Tradicional,09,12,24,36,38,40
2938,2022-03-09,Segunda,07,10,14,23,24,33
2938,2022-03-09,Revancha,22,24,25,31,33,38
2938,2022-03-09,SiempreSale,08,20,26,27,33,45
2937,2022-03-06,Tradicional,12,27,29,35,41,42
2937,2022-03-06,Segunda,04,05,13,21,27,37
2937,2022-03-06,Revancha,00,09,15,31,36,42
2937,2022-03-06,SiempreSale,00,04,10,29,32,35
2936,2022-03-02,Tradicional,09,12,16,20,24,38
2936,2022-03-02,Segunda,05,19,20,29,35,40
2936,2022-03-02,Revancha,03,15,20,23,36,39
2936,2022-03-02,SiempreSale,01,02,25,35,39,42
2935,2022-02-27,Tradicional,07,12,23,31,38,43
2935,2022-02-27,Segunda,07,21,26,27,29,41
2935,2022-02-27,Revancha,01,02,04,08,19,20
2935,2022-02-27,SiempreSale,02,04,06,22,38,40
2934,2022-02-23,Tradicional,04,05,15,16,27,30
2934,2022-02-23,Segunda,06,14,25,31,33,42
2934,2022-02-23,Revancha,00,33,37,38,39,43
2934,2022-02-23,SiempreSale,04,05,10,22,27,35
2933,2022-02-20,Tradicional,07,08,13,20,21,37
2933,2022-02-20,Segunda,01,13,21,32,37,45
2933,2022-02-20,Revancha,12,16,21,36,37,38
2933,2022-02-20,SiempreSale,02,12,15,26,35,45
2932,2022-02-16,Tradicional,07,21,29,30,33,37
2932,2022-02-16,Segunda,04,08,11,34,42,44
2932,2022-02-16,Revancha,09,18,36,40,42,44
2932,2022-02-16,SiempreSale,06,13,18,20,22,24
2931,2022-02-13,Tradicional,10,20,22,23,25,28
2931,2022-02-13,Segunda,02,19,24,28,32,41
2931,2022-02-13,Revancha,07,18,21,22,36,44
2931,2022-02-13,SiempreSale,00,11,24,25,40,41
2930,2022-02-09,Tradicional,13,17,23,24,34,38
2930,2022-02-09,Segunda,03,06,17,26,35,38
2930,2022-02-09,Revancha,09,17,18,34,41,45
2930,2022-02-09,SiempreSale,00,04,19,27,29,34
2929,2022-02-06,Tradicional,02,06,18,33,34,41
2929,2022-02-06,Segunda,12,17,24,33,36,37
2929,2022-02-06,Revancha,03,15,22,38,39,45
2929,2022-02-06,SiempreSale,16,17,26,36,38,43
2928,2022-02-02,Tradicional,18,21,26,34,41,44
2928,2022-02-02,Segunda,00,05,11,17,21,34
2928,2022-02-02,Revancha,02,08,12,17,19,41
2928,2022-02-02,SiempreSale,05,06,16,22,27,29
2927,2022-01-30,Tradicional,01,06,10,16,30,39
2927,2022-01-30,Segunda,04,09,18,39,40,44
2927,2022-01-30,Revancha,02,14,27,31,34,40
2927,2022-01-30,SiempreSale,09,20,25,34,39,40
2926,2022-01-26,Tradicional,05,10,22,31,37,44
2926,2022-01-26,Segunda,03,06,15,24,25,37
2926,2022-01-26,Revancha,05,16,35,36,41,43
2926,2022-01-26,SiempreSale,01,02,13,20,26,45
2925,2022-01-23,Tradicional,09,10,11,20,33,34
2925,2022-01-23,Segunda,10,12,20,25,28,45
2925,2022-01-23,Revancha,09,12,20,26,29,30
2925,2022-01-23,SiempreSale,03,04,20,25,27,42
2924,2022-01-19,Tradicional,00,17,32,41,42,44
2924,2022-01-19,Segunda,09,11,18,19,31,39
2924,2022-01-19,Revancha,08,12,14,25,40,45
2924,2022-01-19,SiempreSale,06,17,31,34,42,43
2923,2022-01-16,Tradicional,01,06,21,27,34,38
2923,2022-01-16,Segunda,23,33,34,37,41,42
2923,2022-01-16,Revancha,10,16,26,29,35,39
2923,2022-01-16,SiempreSale,12,16,19,21,33,45
2922,2022-01-12,Tradicional,00,06,13,27,31,41
2922,2022-01-12,Segunda,01,10,11,30,33,44
2922,2022-01-12,Revancha,14,21,26,31,32,34
2922,2022-01-12,SiempreSale,00,10,11,13,33,43
2921,2022-01-09,Tradicional,01,11,18,29,33,37
2921,2022-01-09,Segunda,00,17,21,28,34,37
2921,2022-01-09,Revancha,04,14,18,21,30,31
2921,2022-01-09,SiempreSale,13,21,22,27,28,44
2920,2022-01-05,Tradicional,08,13,21,34,44,45
2920,2022-01-05,Segunda,14,31,37,40,43,45
2920,2022-01-05,Revancha,03,04,11,15,16,27
2920,2022-01-05,SiempreSale,09,21,24,29,33,45
2919,2021-12-31,Tradicional,02,20,23,25,37,43
2919,2021-12-31,Segunda,09,11,16,17,22,30
2919,2021-12-31,Revancha,01,02,34,35,36,38
2919,2021-12-31,SiempreSale,01,07,08,13,34,45
2918,2021-12-24,Tradicional,04,15,17,21,23,27
2918,2021-12-24,Segunda,25,26,29,36,37,44
2918,2021-12-24,Revancha,04,16,17,32,34,35
2918,2021-12-24,SiempreSale,07,10,15,26,31,34
2917,2021-12-19,Tradicional,00,01,04,10,14,43
2917,2021-12-19,Segunda,10,12,13,14,25,28
2917,2021-12-19,Revancha,00,05,14,16,29,35
2917,2021-12-19,SiempreSale,01,11,14,26,35,40
2916,2021-12-15,Tradicional,10,21,22,25,37,39
2916,2021-12-15,Segunda,04,05,07,20,24,30
2916,2021-12-15,Revancha,02,13,19,22,27,42
2916,2021-12-15,SiempreSale,03,14,20,29,32,38
2915,2021-12-12,Tradicional,16,18,24,28,33,37
2915,2021-12-12,Segunda,07,20,32,35,42,43
2915,2021-12-12,Revancha,03,09,12,17,21,31
2915,2021-12-12,SiempreSale,11,21,22,26,31,32
2914,2021-12-08,Tradicional,09,21,25,28,33,45
2914,2021-12-08,Segunda,01,09,12,19,34,42
2914,2021-12-08,Revancha,15,22,33,37,40,42
2914,2021-12-08,SiempreSale,08,10,23,24,26,36
2913,2021-12-05,Tradicional,00,16,23,28,39,44
2913,2021-12-05,Segunda,06,20,21,24,26,40
2913,2021-12-05,Revancha,03,17,25,27,36,37
2913,2021-12-05,SiempreSale,05,11,13,18,21,24
2912,2021-12-01,Tradicional,11,20,22,27,31,39
2912,2021-12-01,Segunda,03,05,25,33,41,43
2912,2021-12-01,Revancha,01,11,15,22,41,42
2912,2021-12-01,SiempreSale,06,23,24,33,39,45
2911,2021-11-28,Tradicional,04,05,22,26,29,45
2911,2021-11-28,Segunda,03,07,09,20,37,45
2911,2021-11-28,Revancha,05,08,26,29,32,37
2911,2021-11-28,SiempreSale,02,12,33,37,42,45
2910,2021-11-24,Tradicional,02,25,26,31,36,38
2910,2021-11-24,Segunda,05,28,36,37,43,44
2910,2021-11-24,Revancha,03,17,21,22,37,44
2910,2021-11-24,SiempreSale,02,18,29,30,34,39
2909,2021-11-21,Tradicional,04,08,10,21,39,40
2909,2021-11-21,Segunda,02,07,08,15,18,25
2909,2021-11-21,Revancha,08,14,20,32,34,45
2909,2021-11-21,SiempreSale,13,21,22,33,39,40
2908,2021-11-17,Tradicional,09,12,15,22,29,42
2908,2021-11-17,Segunda,01,18,19,22,33,40
2908,2021-11-17,Revancha,02,14,15,17,21,29
2908,2021-11-17,SiempreSale,11,18,20,22,33,39
2907,2021-11-14,Tradicional,01,02,04,05,13,28
2907,2021-11-14,Segunda,02,07,09,21,23,42
2907,2021-11-14,Revancha,00,07,12,24,33,37
2907,2021-11-14,SiempreSale,09,16,21,25,30,43
2906,2021-11-10,Tradicional,02,07,11,23,28,38
2906,2021-11-10,Segunda,02,15,18,19,20,30
2906,2021-11-10,Revancha,05,08,11,14,31,42
2906,2021-11-10,SiempreSale,12,23,25,27,35,39
2905,2021-11-07,Tradicional,00,05,16,17,34,40
2905,2021-11-07,Segunda,06,10,11,37,39,45
2905,2021-11-07,Revancha,07,11,19,34,36,42
2905,2021-11-07,SiempreSale,05,06,08,10,13,18
2904,2021-11-03,Tradicional,02,04,15,16,19,30
2904,2021-11-03,Segunda,01,13,17,18,33,40
2904,2021-11-03,Revancha,02,12,21,26,34,43
2904,2021-11-03,SiempreSale,06,16,22,27,37,44
2903,2021-10-31,Tradicional,05,06,11,14,41,43
2903,2021-10-31,Segunda,00,05,08,27,28,34
2903,2021-10-31,Revancha,11,20,33,34,37,42
2903,2021-10-31,SiempreSale,02,16,17,24,25,40
2902,2021-10-27,Tradicional,13,15,21,29,31,33
2902,2021-10-27,Segunda,09,23,29,37,38,45
2902,2021-10-27,Revancha,08,29,31,38,39,43
2902,2021-10-27,SiempreSale,12,13,18,20,27,37
2901,2021-10-24,Tradicional,18,21,23,30,31,38
2901,2021-10-24,Segunda,09,16,24,39,43,45
2901,2021-10-24,Revancha,12,13,14,20,22,38
2901,2021-10-24,SiempreSale,00,01,13,25,27,42
2900,2021-10-20,Tradicional,01,13,14,37,42,45
2900,2021-10-20,Segunda,17,20,21,34,38,45
2900,2021-10-20,Revancha,06,09,11,21,28,45
2900,2021-10-20,SiempreSale,01,06,29,34,39,45
2899,2021-10-17,Tradicional,07,17,18,21,35,39
2899,2021-10-17,Segunda,00,15,21,30,31,41
2899,2021-10-17,Revancha,01,17,23,28,35,43
2899,2021-10-17,SiempreSale,06,09,12,31,37,45
2898,2021-10-13,Tradicional,02,09,15,19,26,27
2898,2021-10-13,Segunda,14,24,34,38,40,43
2898,2021-10-13,Revancha,08,12,17,20,22,39
2898,2021-10-13,SiempreSale,10,21,23,28,34,39
2897,2021-10-10,Tradicional,04,27,30,35,38,41
2897,2021-10-10,Segunda,04,11,22,28,37,39
2897,2021-10-10,Revancha,06,11,23,24,35,43
2897,2021-10-10,SiempreSale,01,09,10,30,35,44
2896,2021-10-06,Tradicional,06,12,17,22,40,44
2896,2021-10-06,Segunda,03,13,24,27,31,43
2896,2021-10-06,Revancha,16,18,27,41,44,45
2896,2021-10-06,SiempreSale,11,13,17,19,22,42
2895,2021-10-03,Tradicional,03,19,25,26,27,35
2895,2021-10-03,Segunda,02,17,18,22,32,43
2895,2021-10-03,Revancha,02,05,06,22,23,41
2895,2021-10-03,SiempreSale,06,20,27,30,32,39
2894,2021-09-29,Tradicional,02,10,17,20,27,34
2894,2021-09-29,Segunda,02,07,17,21,35,38
2894,2021-09-29,Revancha,03,08,09,12,16,21
2894,2021-09-29,SiempreSale,00,12,30,36,41,45
2893,2021-09-26,Tradicional,08,09,18,19,21,23
2893,2021-09-26,Segunda,13,19,20,22,30,39
2893,2021-09-26,Revancha,06,19,27,29,37,40
2893,2021-09-26,SiempreSale,03,04,11,30,31,40
2892,2021-09-22,Tradicional,05,14,21,22,38,44
2892,2021-09-22,Segunda,01,17,18,21,38,44
2892,2021-09-22,Revancha,17,20,32,34,44,45
2892,2021-09-22,SiempreSale,14,23,29,36,41,45
2891,2021-09-19,Tradicional,02,11,12,19,23,35
2891,2021-09-19,Segunda,01,08,18,25,36,41
2891,2021-09-19,Revancha,00,01,05,18,35,41
2891,2021-09-19,SiempreSale,00,17,20,29,36,38
2890,2021-09-15,Tradicional,08,12,14,16,26,38
2890,2021-09-15,Segunda,03,20,21,25,28,45
2890,2021-09-15,Revancha,03,15,19,23,35,40
2890,2021-09-15,SiempreSale,08,22,29,34,35,37
2889,2021-09-12,Tradicional,01,03,16,18,20,40
2889,2021-09-12,Segunda,09,11,15,21,37,45
2889,2021-09-12,Revancha,01,04,06,22,35,36
2889,2021-09-12,SiempreSale,00,06,28,32,36,42
2888,2021-09-08,Tradicional,10,15,20,25,30,38
2888,2021-09-08,Segunda,08,09,24,34,41,44
2888,2021-09-08,Revancha,01,02,03,06,22,44
2888,2021-09-08,SiempreSale,01,24,27,31,40,45
2887,2021-09-05,Tradicional,03,21,24,26,35,38
2887,2021-09-05,Segunda,08,09,11,12,23,24
2887,2021-09-05,Revancha,06,09,19,26,29,34
2887,2021-09-05,SiempreSale,01,07,29,31,40,41
2886,2021-09-01,Tradicional,06,10,12,32,35,44
2886,2021-09-01,Segunda,05,06,12,30,31,44
2886,2021-09-01,Revancha,03,04,11,20,25,33
2886,2021-09-01,SiempreSale,01,03,18,20,33,36
2885,2021-08-29,Tradicional,00,12,20,37,42,45
2885,2021-08-29,Segunda,16,23,33,38,39,45
2885,2021-08-29,Revancha,12,16,22,35,36,40
2885,2021-08-29,SiempreSale,15,16,19,24,30,36
2884,2021-08-25,Tradicional,10,12,14,31,32,34
2884,2021-08-25,Segunda,16,25,32,38,39,45
2884,2021-08-25,Revancha,00,13,22,26,32,45
2884,2021-08-25,SiempreSale,07,15,16,20,30,42
2883,2021-08-22,Tradicional,03,06,23,24,25,42
2883,2021-08-22,Segunda,04,05,15,23,32,42
2883,2021-08-22,Revancha,15,19,27,30,36,41
2883,2021-08-22,SiempreSale,10,14,34,35,38,44
2882,2021-08-18,Tradicional,00,05,16,22,26,38
2882,2021-08-18,Segunda,12,15,24,32,33,45
2882,2021-08-18,Revancha,00,25,27,32,35,43
2882,2021-08-18,SiempreSale,10,13,18,32,35,45
2881,2021-08-15,Tradicional,03,08,10,25,29,31
2881,2021-08-15,Segunda,00,01,06,21,24,27
2881,2021-08-15,Revancha,10,14,21,22,36,41
2881,2021-08-15,SiempreSale,11,19,24,28,31,32
2880,2021-08-11,Tradicional,00,02,07,27,29,42
2880,2021-08-11,Segunda,02,09,31,37,40,42
2880,2021-08-11,Revancha,01,08,18,21,34,45
2880,2021-08-11,SiempreSale,07,09,13,16,35,41
2879,2021-08-08,Tradicional,01,16,17,41,43,44
2879,2021-08-08,Segunda,07,12,17,23,24,37
2879,2021-08-08,Revancha,06,20,21,25,28,29
2879,2021-08-08,SiempreSale,07,26,30,36,40,44
2878,2021-08-04,Tradicional,11,22,27,32,42,44
2878,2021-08-04,Segunda,02,04,08,22,30,35
2878,2021-08-04,Revancha,04,10,22,27,28,29
2878,2021-08-04,SiempreSale,03,21,24,29,33,40
2877,2021-08-01,Tradicional,00,14,15,18,35,41
2877,2021-08-01,Segunda,10,24,34,37,38,45
2877,2021-08-01,Revancha,00,26,27,31,37,40
2877,2021-08-01,SiempreSale,10,22,27,35,38,40
2876,2021-07-28,Tradicional,05,11,16,19,25,41
2876,2021-07-28,Segunda,02,08,15,20,25,26
2876,2021-07-28,Revancha,06,07,17,30,35,44
2876,2021-07-28,SiempreSale,11,15,22,25,30,40
2875,2021-07-25,Tradicional,01,06,09,36,38,41
2875,2021-07-25,Segunda,06,08,09,15,16,45
2875,2021-07-25,Revancha,10,11,14,23,31,34
2875,2021-07-25,SiempreSale,09,20,22,23,30,37
2874,2021-07-21,Tradicional,11,12,13,24,27,38
2874,2021-07-21,Segunda,00,06,08,15,18,36
2874,2021-07-21,Revancha,00,10,13,28,30,34
2874,2021-07-21,SiempreSale,09,12,17,28,37,40
2873,2021-07-18,Tradicional,01,09,10,13,23,39
2873,2021-07-18,Segunda,05,08,12,22,26,45
2873,2021-07-18,Revancha,01,04,05,10,33,45
2873,2021-07-18,SiempreSale,02,03,14,15,33,37
2872,2021-07-14,Tradicional,04,20,23,29,30,45
2872,2021-07-14,Segunda,07,16,31,35,36,43
2872,2021-07-14,Revancha,10,17,21,23,37,45
2872,2021-07-14,SiempreSale,25,33,34,37,39,42
2871,2021-07-11,Tradicional,09,16,17,19,26,36
2871,2021-07-11,Segunda,06,13,19,28,41,44
2871,2021-07-11,Revancha,05,08,11,15,20,21
2871,2021-07-11,SiempreSale,00,01,09,19,21,24
2870,2021-07-07,Tradicional,08,10,13,17,34,44
2870,2021-07-07,Segunda,07,25,32,36,40,42
2870,2021-07-07,Revancha,02,20,33,36,42,45
2870,2021-07-07,SiempreSale,08,10,28,35,39,41
2869,2021-07-04,Tradicional,00,04,05,20,25,38
2869,2021-07-04,Segunda,00,06,13,18,41,42
2869,2021-07-04,Revancha,14,19,32,38,43,44
2869,2021-07-04,SiempreSale,01,24,26,33,39,42
2868,2021-06-30,Tradicional,13,18,23,26,36,37
2868,2021-06-30,Segunda,02,17,30,35,42,44
2868,2021-06-30,Revancha,01,02,06,12,25,40
2868,2021-06-30,SiempreSale,01,13,16,22,24,30
2867,2021-06-27,Tradicional,03,24,25,35,40,43
2867,2021-06-27,Segunda,09,10,22,25,43,44
2867,2021-06-27,Revancha,12,17,19,26,34,41
2867,2021-06-27,SiempreSale,17,18,33,34,36,38
2866,2021-06-23,Tradicional,05,11,27,31,36,45
2866,2021-06-23,Segunda,04,11,15,28,29,41
2866,2021-06-23,Revancha,03,06,13,14,25,31
2866,2021-06-23,SiempreSale,02,09,23,34,35,42
2865,2021-06-20,Tradicional,03,06,29,32,35,42
2865,2021-06-20,Segunda,17,18,26,31,38,39
2865,2021-06-20,Revancha,06,08,14,17,23,28
2865,2021-06-20,SiempreSale,05,19,21,23,35,41
2864,2021-06-16,Tradicional,05,11,14,16,31,36
2864,2021-06-16,Segunda,15,21,27,30,41,43
2864,2021-06-16,Revancha,02,03,09,15,37,45
2864,2021-06-16,SiempreSale,09,10,21,24,38,44
2863,2021-06-13,Tradicional,06,11,13,19,20,30
2863,2021-06-13,Segunda,00,03,08,10,42,43
2863,2021-06-13,Revancha,00,01,04,07,08,32
2863,2021-06-13,SiempreSale,00,03,05,09,17,18
2862,2021-06-09,Tradicional,00,04,13,17,35,41
2862,2021-06-09,Segunda,07,08,11,13,23,41
2862,2021-06-09,Revancha,02,07,11,20,22,45
2862,2021-06-09,SiempreSale,04,18,25,32,34,44
2861,2021-06-06,Tradicional,17,23,32,37,39,45
2861,2021-06-06,Segunda,01,14,16,25,29,31
2861,2021-06-06,Revancha,03,16,20,29,33,37
2861,2021-06-06,SiempreSale,00,19,26,31,32,38
2860,2021-06-03,Tradicional,04,05,12,19,30,45
2860,2021-06-03,Segunda,17,27,29,35,39,41
2860,2021-06-03,Revancha,08,25,30,31,41,43
2860,2021-06-03,SiempreSale,03,07,30,38,42,45
2859,2021-05-31,Tradicional,00,10,19,23,29,43
2859,2021-05-31,Segunda,08,19,24,26,37,45
2859,2021-05-31,Revancha,01,02,03,18,19,31
2859,2021-05-31,SiempreSale,02,03,14,24,34,41
2858,2021-05-20,Tradicional,00,03,18,19,20,23
2858,2021-05-20,Segunda,12,21,26,27,35,42
2858,2021-05-20,Revancha,14,24,31,32,37,42
2858,2021-05-20,SiempreSale,02,06,26,28,41,43
2857,2021-05-16,Tradicional,01,12,22,24,32,37
2857,2021-05-16,Segunda,02,04,12,20,31,43
2857,2021-05-16,Revancha,00,11,13,17,18,35
2857,2021-05-16,SiempreSale,22,23,25,28,32,43
2856,2021-05-12,Tradicional,04,09,13,21,22,43
2856,2021-05-12,Segunda,16,19,23,36,40,45
2856,2021-05-12,Revancha,17,18,21,29,31,41
2856,2021-05-12,SiempreSale,02,10,17,18,30,37
2855,2021-05-09,Tradicional,06,09,15,32,36,39
2855,2021-05-09,Segunda,01,05,07,31,41,42
2855,2021-05-09,Revancha,10,19,21,32,35,37
2855,2021-05-09,SiempreSale,08,18,20,26,29,33
2854,2021-05-05,Tradicional,11,13,17,21,30,33
2854,2021-05-05,Segunda,07,13,17,37,39,45
2854,2021-05-05,Revancha,06,07,17,21,24,25
2854,2021-05-05,SiempreSale,11,16,20,31,36,44
2853,2021-05-02,Tradicional,02,03,25,41,43,45
2853,2021-05-02,Segunda,13,14,22,25,26,43
2853,2021-05-02,Revancha,04,16,30,35,42,45
2853,2021-05-02,SiempreSale,01,17,31,38,40,43
2852,2021-04-28,Tradicional,04,15,16,31,44,45
2852,2021-04-28,Segunda,06,09,10,12,19,45
2852,2021-04-28,Revancha,01,05,13,18,27,44
2852,2021-04-28,SiempreSale,10,28,33,35,37,38
2851,2021-04-25,Tradicional,17,19,23,32,43,45
2851,2021-04-25,Segunda,00,09,11,13,19,40
2851,2021-04-25,Revancha,03,05,14,18,22,44
2851,2021-04-25,SiempreSale,09,13,16,30,34,35
2850,2021-04-21,Tradicional,01,08,14,40,43,45
2850,2021-04-21,Segunda,17,19,28,29,30,39
2850,2021-04-21,Revancha,14,19,21,22,39,40
2850,2021-04-21,SiempreSale,03,09,17,21,28,44
2849,2021-04-18,Tradicional,13,18,19,25,42,44
2849,2021-04-18,Segunda,00,03,10,21,23,29
2849,2021-04-18,Revancha,13,15,17,29,32,37
2849,2021-04-18,SiempreSale,00,06,11,25,28,41
2848,2021-04-14,Tradicional,05,20,28,31,39,41
2848,2021-04-14,Segunda,07,16,33,40,41,44
2848,2021-04-14,Revancha,01,10,15,24,34,37
2848,2021-04-14,SiempreSale,08,10,12,16,27,36
2847,2021-04-11,Tradicional,04,08,09,26,43,44
2847,2021-04-11,Segunda,03,04,08,22,29,35
2847,2021-04-11,Revancha,00,02,04,14,40,42
2847,2021-04-11,SiempreSale,04,15,17,21,26,32
2846,2021-04-07,Tradicional,09,12,18,25,32,34
2846,2021-04-07,Segunda,00,24,30,35,41,43
2846,2021-04-07,Revancha,00,06,15,18,26,38
2846,2021-04-07,SiempreSale,11,14,17,25,28,31
2845,2021-04-04,Tradicional,00,01,30,32,36,41
2845,2021-04-04,Segunda,04,09,10,17,28,39
2845,2021-04-04,Revancha,00,05,06,18,21,36
2845,2021-04-04,SiempreSale,05,08,18,30,36,40
2844,2021-03-31,Tradicional,18,23,26,30,34,37
2844,2021-03-31,Segunda,09,10,27,28,36,44
2844,2021-03-31,Revancha,02,17,20,25,33,42
2844,2021-03-31,SiempreSale,09,25,35,39,42,45
2843,2021-03-28,Tradicional,07,14,15,17,39,40
2843,2021-03-28,Segunda,17,20,24,36,39,45
2843,2021-03-28,Revancha,00,01,02,19,23,34
2843,2021-03-28,SiempreSale,00,02,16,22,37,43
2842,2021-03-24,Tradicional,06,08,12,17,22,36
2842,2021-03-24,Segunda,06,22,25,27,31,40
2842,2021-03-24,Revancha,10,11,16,22,30,41
2842,2021-03-24,SiempreSale,17,24,28,32,36,39
2841,2021-03-21,Tradicional,05,20,26,28,29,34
2841,2021-03-21,Segunda,08,09,11,13,24,29
2841,2021-03-21,Revancha,06,18,20,26,31,44
2841,2021-03-21,SiempreSale,04,16,20,23,26,31
2840,2021-03-17,Tradicional,01,04,07,12,13,22
2840,2021-03-17,Segunda,03,11,36,37,41,42
2840,2021-03-17,Revancha,00,01,03,08,34,36
2840,2021-03-17,SiempreSale,08,10,14,24,25,31
2839,2021-03-14,Tradicional,04,14,19,27,32,45
2839,2021-03-14,Segunda,03,04,15,16,30,39
2839,2021-03-14,Revancha,04,05,06,31,38,43
2839,2021-03-14,SiempreSale,11,19,30,31,32,45
2838,2021-03-10,Tradicional,01,04,16,17,27,38
2838,2021-03-10,Segunda,30,33,34,36,37,44
2838,2021-03-10,Revancha,02,13,17,24,29,45
2838,2021-03-10,SiempreSale,03,21,23,29,39,45
2837,2021-03-07,Tradicional,09,10,14,30,42,44
2837,2021-03-07,Segunda,09,11,16,18,32,45
2837,2021-03-07,Revancha,17,19,31,42,44,45
2837,2021-03-07,SiempreSale,07,14,21,26,34,38
2836,2021-03-03,Tradicional,12,15,25,31,33,34
2836,2021-03-03,Segunda,04,13,29,34,41,43
2836,2021-03-03,Revancha,06,15,26,31,35,39
2836,2021-03-03,SiempreSale,04,09,18,25,37,43
2835,2021-02-28,Tradicional,05,08,09,21,24,45
2835,2021-02-28,Segunda,04,07,18,21,26,42
2835,2021-02-28,Revancha,07,09,19,25,28,30
2835,2021-02-28,SiempreSale,16,21,22,30,31,44
2834,2021-02-24,Tradicional,00,06,14,19,34,42
2834,2021-02-24,Segunda,04,10,18,24,34,45
2834,2021-02-24,Revancha,23,24,31,32,37,38
2834,2021-02-24,SiempreSale,04,10,18,29,40,41
2833,2021-02-21,Tradicional,01,05,18,20,22,42
2833,2021-02-21,Segunda,12,21,23,28,37,44
2833,2021-02-21,Revancha,05,07,12,26,37,40
2833,2021-02-21,SiempreSale,06,10,11,18,19,45
2832,2021-02-17,Tradicional,02,07,13,17,23,44
2832,2021-02-17,Segunda,04,06,19,20,44,45
2832,2021-02-17,Revancha,02,09,11,15,33,34
2832,2021-02-17,SiempreSale,00,17,22,23,35,39
2831,2021-02-14,Tradicional,02,07,22,28,34,43
2831,2021-02-14,Segunda,02,10,11,19,22,42
2831,2021-02-14,Revancha,00,03,20,31,34,37
2831,2021-02-14,SiempreSale,02,17,21,22,30,45
2830,2021-02-10,Tradicional,00,03,16,31,34,42
2830,2021-02-10,Segunda,13,15,19,34,36,38
2830,2021-02-10,Revancha,14,19,28,36,40,42
2830,2021-02-10,SiempreSale,17,18,22,28,33,34
2829,2021-02-07,Tradicional,00,10,16,21,23,41
2829,2021-02-07,Segunda,02,03,12,19,20,37
2829,2021-02-07,Revancha,15,17,19,22,25,35
2829,2021-02-07,SiempreSale,02,13,20,21,22,43
2828,2021-02-03,Tradicional,01,04,10,21,24,32
2828,2021-02-03,Segunda,13,14,21,24,27,30
2828,2021-02-03,Revancha,02,11,18,29,36,44
2828,2021-02-03,SiempreSale,05,07,10,26,39,40
2827,2021-01-31,Tradicional,02,15,18,22,38,43
2827,2021-01-31,Segunda,00,10,11,13,21,40
2827,2021-01-31,Revancha,16,19,25,37,40,42
2827,2021-01-31,SiempreSale,03,07,15,21,35,40
2826,2021-01-27,Tradicional,10,15,31,41,44,45
2826,2021-01-27,Segunda,07,21,35,38,41,42
2826,2021-01-27,Revancha,02,21,25,30,36,41
2826,2021-01-27,SiempreSale,03,29,31,39,40,41
2825,2021-01-24,Tradicional,10,17,21,32,38,43
2825,2021-01-24,Segunda,00,12,29,33,38,39
2825,2021-01-24,Revancha,03,16,25,27,31,37
2825,2021-01-24,SiempreSale,09,19,23,27,32,35
2824,2021-01-20,Tradicional,04,12,28,29,32,45
2824,2021-01-20,Segunda,02,06,10,19,37,39
2824,2021-01-20,Revancha,07,12,18,23,31,32
2824,2021-01-20,SiempreSale,04,20,22,32,36,44
2823,2021-01-17,Tradicional,05,14,31,33,35,43
2823,2021-01-17,Segunda,12,20,22,31,33,45
2823,2021-01-17,Revancha,07,08,13,15,30,41
2823,2021-01-17,SiempreSale,07,11,16,33,36,40
2822,2021-01-13,Tradicional,02,08,13,21,34,43
2822,2021-01-13,Segunda,00,02,13,15,33,44
2822,2021-01-13,Revancha,02,11,25,34,37,44
2822,2021-01-13,SiempreSale,13,17,25,28,30,38
2821,2021-01-10,Tradicional,02,04,14,25,34,44
2821,2021-01-10,Segunda,17,28,30,32,43,44
2821,2021-01-10,Revancha,03,06,13,18,21,44
2821,2021-01-10,SiempreSale,00,12,18,22,26,27
2820,2021-01-06,Tradicional,04,08,13,21,37,38
2820,2021-01-06,Segunda,00,02,20,25,34,41
2820,2021-01-06,Revancha,08,27,28,31,35,40
2820,2021-01-06,SiempreSale,03,13,23,24,42,44
2819,2021-01-03,Tradicional,10,15,25,30,32,34
2819,2021-01-03,Segunda,01,15,19,32,33,35
2819,2021-01-03,Revancha,11,12,15,23,37,45
2819,2021-01-03,SiempreSale,00,06,09,27,29,36
2818,2020-12-30,Tradicional,08,09,19,20,22,30
2818,2020-12-30,Segunda,00,02,32,35,38,40
2818,2020-12-30,Revancha,12,17,23,26,37,38
2818,2020-12-30,SiempreSale,12,16,23,27,32,33
2817,2020-12-27,Tradicional,03,22,23,24,29,33
2817,2020-12-27,Segunda,04,12,19,24,27,43
2817,2020-12-27,Revancha,02,07,10,21,31,34
2817,2020-12-27,SiempreSale,00,01,08,26,32,40
2816,2020-12-23,Tradicional,06,14,18,25,31,36
2816,2020-12-23,Segunda,15,18,29,31,35,36
2816,2020-12-23,Revancha,01,07,08,15,34,44
2816,2020-12-23,SiempreSale,07,12,22,34,41,42
2815,2020-12-20,Tradicional,09,10,27,29,30,41
2815,2020-12-20,Segunda,01,06,07,25,35,42
2815,2020-12-20,Revancha,07,15,28,32,40,45
2815,2020-12-20,SiempreSale,03,04,06,10,17,42
2814,2020-12-16,Tradicional,04,05,13,23,33,43
2814,2020-12-16,Segunda,08,09,11,19,35,37
2814,2020-12-16,Revancha,04,23,27,29,35,42
2814,2020-12-16,SiempreSale,06,08,16,23,27,38
2813,2020-12-13,Tradicional,04,17,22,30,31,41
2813,2020-12-13,Segunda,22,27,33,39,40,42
2813,2020-12-13,Revancha,06,09,14,15,19,30
2813,2020-12-13,SiempreSale,02,14,15,24,26,45
2812,2020-12-09,Tradicional,06,15,20,27,37,42
2812,2020-12-09,Segunda,06,14,18,28,33,43
2812,2020-12-09,Revancha,06,25,30,38,41,44
2812,2020-12-09,SiempreSale,13,22,26,37,40,45
2811,2020-12-06,Tradicional,05,17,19,31,38,45
2811,2020-12-06,Segunda,03,05,24,33,34,41
2811,2020-12-06,Revancha,09,11,16,32,33,39
2811,2020-12-06,SiempreSale,02,03,19,25,29,35
2810,2020-12-02,Tradicional,10,14,15,27,40,41
2810,2020-12-02,Segunda,10,16,17,24,37,40
2810,2020-12-02,Revancha,01,18,29,31,32,34
2810,2020-12-02,SiempreSale,00,09,18,23,30,42
2809,2020-11-29,Tradicional,05,12,16,25,33,39
2809,2020-11-29,Segunda,09,17,19,34,36,45
2809,2020-11-29,Revancha,02,04,05,07,19,25
2809,2020-11-29,SiempreSale,07,08,21,25,30,33
2808,2020-11-25,Tradicional,08,10,19,23,31,45
2808,2020-11-25,Segunda,07,10,13,38,41,43
2808,2020-11-25,Revancha,18,19,21,22,24,37
2808,2020-11-25,SiempreSale,09,21,32,36,40,42
2807,2020-11-22,Tradicional,03,17,18,20,27,28
2807,2020-11-22,Segunda,08,13,19,25,29,45
2807,2020-11-22,Revancha,05,07,15,37,42,43
2807,2020-11-22,SiempreSale,04,11,13,21,39,44
2806,2020-11-18,Tradicional,18,22,27,34,35,38
2806,2020-11-18,Segunda,09,20,30,31,35,39
2806,2020-11-18,Revancha,04,07,12,19,24,45
2806,2020-11-18,SiempreSale,12,13,14,18,19,21
2805,2020-11-15,Tradicional,05,06,09,22,27,38
2805,2020-11-15,Segunda,11,19,21,24,25,41
2805,2020-11-15,Revancha,03,09,23,36,41,45
2805,2020-11-15,SiempreSale,02,04,07,14,32,39
2804,2020-11-11,Tradicional,08,13,16,21,36,42
2804,2020-11-11,Segunda,02,03,06,08,23,30
2804,2020-11-11,Revancha,24,26,28,32,33,36
2804,2020-11-11,SiempreSale,00,03,09,11,12,15
2803,2020-11-08,Tradicional,09,12,26,27,36,37
2803,2020-11-08,Segunda,16,20,24,27,38,40
2803,2020-11-08,Revancha,11,18,19,25,27,28
2803,2020-11-08,SiempreSale,01,09,15,30,32,43
2802,2020-11-04,Tradicional,07,12,28,31,33,39
2802,2020-11-04,Segunda,04,06,11,12,20,32
2802,2020-11-04,Revancha,17,26,28,33,38,45
2802,2020-11-04,SiempreSale,00,01,03,07,16,35
2801,2020-11-01,Tradicional,09,15,19,25,29,35
2801,2020-11-01,Segunda,12,15,31,32,38,42
2801,2020-11-01,Revancha,02,04,18,22,24,38
2801,2020-11-01,SiempreSale,02,12,14,35,37,39
2800,2020-10-28,Tradicional,01,03,10,16,33,40
2800,2020-10-28,Segunda,03,04,10,28,35,36
2800,2020-10-28,Revancha,06,16,18,32,41,42
2800,2020-10-28,SiempreSale,07,14,15,19,20,22
2799,2020-10-25,Tradicional,11,18,32,33,36,39
2799,2020-10-25,Segunda,16,19,34,40,41,44
2799,2020-10-25,Revancha,01,10,24,28,29,43
2799,2020-10-25,SiempreSale,04,10,11,14,21,40
2798,2020-10-21,Tradicional,03,16,23,28,33,44
2798,2020-10-21,Segunda,03,04,11,24,35,38
2798,2020-10-21,Revancha,04,18,31,33,37,40
2798,2020-10-21,SiempreSale,10,20,37,40,44,45
2797,2020-10-18,Tradicional,08,19,23,28,32,33
2797,2020-10-18,Segunda,10,12,15,23,31,41
2797,2020-10-18,Revancha,10,19,20,27,40,44
2797,2020-10-18,SiempreSale,01,07,19,20,23,43
2796,2020-10-14,Tradicional,07,10,12,14,23,43
2796,2020-10-14,Segunda,34,35,37,39,41,42
2796,2020-10-14,Revancha,09,13,29,31,39,43
2796,2020-10-14,SiempreSale,04,15,26,27,33,34
2795,2020-10-11,Tradicional,00,08,13,14,25,34
2795,2020-10-11,Segunda,08,09,11,17,18,37
2795,2020-10-11,Revancha,02,05,10,23,25,34
2795,2020-10-11,SiempreSale,10,11,12,15,23,42
2794,2020-10-07,Tradicional,06,07,10,14,39,45
2794,2020-10-07,Segunda,00,02,18,21,33,43
2794,2020-10-07,Revancha,00,09,12,20,23,25
2794,2020-10-07,SiempreSale,01,23,25,28,33,34
2793,2020-10-04,Tradicional,13,23,27,28,31,43
2793,2020-10-04,Segunda,16,22,26,34,39,45
2793,2020-10-04,Revancha,05,18,21,22,32,37
2793,2020-10-04,SiempreSale,12,19,20,37,39,40
2792,2020-09-30,Tradicional,04,11,13,27,31,43
2792,2020-09-30,Segunda,22,27,33,34,36,43
2792,2020-09-30,Revancha,05,08,10,29,35,36
2792,2020-09-30,SiempreSale,03,06,14,26,29,38
2791,2020-09-27,Tradicional,03,04,09,22,36,38
2791,2020-09-27,Segunda,00,10,16,31,34,40
2791,2020-09-27,Revancha,00,05,12,18,19,40
2791,2020-09-27,SiempreSale,03,04,22,25,26,35
2790,2020-09-23,Tradicional,00,05,09,12,32,41
2790,2020-09-23,Segunda,17,18,19,36,38,42
2790,2020-09-23,Revancha,03,09,16,17,20,27
2790,2020-09-23,SiempreSale,01,08,17,35,40,44
2789,2020-09-20,Tradicional,02,03,22,28,36,38
2789,2020-09-20,Segunda,08,09,17,31,33,42
2789,2020-09-20,Revancha,07,10,13,16,19,28
2789,2020-09-20,SiempreSale,09,11,14,26,37,38
2788,2020-09-16,Tradicional,00,02,05,09,14,24
2788,2020-09-16,Segunda,14,16,17,21,31,35
2788,2020-09-16,Revancha,01,11,20,26,31,41
2788,2020-09-16,SiempreSale,07,08,14,20,22,44
2787,2020-09-13,Tradicional,10,11,12,14,17,44
2787,2020-09-13,Segunda,01,04,09,19,35,38
2787,2020-09-13,Revancha,06,12,14,27,32,34
2787,2020-09-13,SiempreSale,08,17,18,22,27,45
2786,2020-09-09,Tradicional,02,06,10,19,30,42
2786,2020-09-09,Segunda,02,08,17,23,25,34
2786,2020-09-09,Revancha,05,09,14,15,23,24
2786,2020-09-09,SiempreSale,16,25,32,33,35,44
2785,2020-09-06,Tradicional,01,14,29,30,40,44
2785,2020-09-06,Segunda,04,13,28,38,43,44
2785,2020-09-06,Revancha,05,19,20,23,43,44
2785,2020-09-06,SiempreSale,10,11,12,32,37,43
2784,2020-09-02,Tradicional,12,17,18,20,24,28
2784,2020-09-02,Segunda,00,07,15,29,41,43
2784,2020-09-02,Revancha,00,14,15,31,43,45
2784,2020-09-02,SiempreSale,10,19,30,33,39,40
2783,2020-08-30,Tradicional,02,20,21,25,34,38
2783,2020-08-30,Segunda,04,15,26,30,33,38
2783,2020-08-30,Revancha,05,10,18,20,21,24
2783,2020-08-30,SiempreSale,11,21,23,33,35,45
2782,2020-08-26,Tradicional,09,12,20,25,33,37
2782,2020-08-26,Segunda,08,09,29,35,39,41
2782,2020-08-26,Revancha,01,10,16,19,37,43
2782,2020-08-26,SiempreSale,17,19,21,25,32,34
2781,2020-08-23,Tradicional,02,07,18,27,34,41
2781,2020-08-23,Segunda,00,02,09,21,26,34
2781,2020-08-23,Revancha,00,06,11,12,22,29
2781,2020-08-23,SiempreSale,05,14,18,21,34,41
2780,2020-08-19,Tradicional,03,09,16,26,34,38
2780,2020-08-19,Segunda,08,14,15,19,36,41
2780,2020-08-19,Revancha,12,17,18,31,39,44
2780,2020-08-19,SiempreSale,00,04,16,26,31,32
2779,2020-08-16,Tradicional,05,22,26,33,35,42
2779,2020-08-16,Segunda,09,13,15,26,34,35
2779,2020-08-16,Revancha,07,23,24,26,28,30
2779,2020-08-16,SiempreSale,02,03,04,06,21,37
2778,2020-08-12,Tradicional,06,26,32,37,38,43
2778,2020-08-12,Segunda,23,29,37,38,39,42
2778,2020-08-12,Revancha,01,04,06,19,28,39
2778,2020-08-12,SiempreSale,04,14,30,36,44,45
2777,2020-08-09,Tradicional,14,16,31,32,39,40
2777,2020-08-09,Segunda,02,22,27,28,44,45
2777,2020-08-09,Revancha,01,02,14,21,30,41
2777,2020-08-09,SiempreSale,13,16,26,37,42,43
2776,2020-08-05,Tradicional,19,22,23,24,33,34
2776,2020-08-05,Segunda,03,11,17,20,34,43
2776,2020-08-05,Revancha,04,09,24,25,31,44
2776,2020-08-05,SiempreSale,00,10,16,17,24,33
2775,2020-08-02,Tradicional,04,12,14,20,27,44
2775,2020-08-02,Segunda,05,13,20,31,33,42
2775,2020-08-02,Revancha,04,23,27,32,39,43
2775,2020-08-02,SiempreSale,11,14,16,29,32,37
2774,2020-07-29,Tradicional,10,12,19,23,28,37
2774,2020-07-29,Segunda,00,20,23,25,30,39
2774,2020-07-29,Revancha,06,20,31,34,42,43
2774,2020-07-29,SiempreSale,00,09,18,27,28,41
2773,2020-07-26,Tradicional,03,09,23,24,26,34
2773,2020-07-26,Segunda,12,13,16,30,37,43
2773,2020-07-26,Revancha,09,17,21,22,35,41
2773,2020-07-26,SiempreSale,16,18,29,30,35,43
2772,2020-07-22,Tradicional,01,12,28,33,40,43
2772,2020-07-22,Segunda,00,12,16,18,19,43
2772,2020-07-22,Revancha,03,04,12,24,34,42
2772,2020-07-22,SiempreSale,05,11,14,15,20,35
2771,2020-07-19,Tradicional,04,09,12,19,25,45
2771,2020-07-19,Segunda,10,22,31,32,34,41
2771,2020-07-19,Revancha,15,20,33,36,37,44
2771,2020-07-19,SiempreSale,09,16,18,22,36,38
2770,2020-07-15,Tradicional,10,16,17,21,28,41
2770,2020-07-15,Segunda,00,14,15,16,30,36
2770,2020-07-15,Revancha,10,14,22,25,43,45
2770,2020-07-15,SiempreSale,02,04,08,18,39,45
2769,2020-07-12,Tradicional,01,06,14,29,42,43
2769,2020-07-12,Segunda,01,06,10,15,31,38
2769,2020-07-12,Revancha,10,14,33,39,43,45
2769,2020-07-12,SiempreSale,05,09,16,19,23,25
2768,2020-07-08,Tradicional,01,06,10,14,38,42
2768,2020-07-08,Segunda,12,19,22,26,29,31
2768,2020-07-08,Revancha,02,12,35,39,41,44
2768,2020-07-08,SiempreSale,08,28,31,33,34,39
2767,2020-07-05,Tradicional,11,12,14,21,23,25
2767,2020-07-05,Segunda,05,16,19,23,33,42
2767,2020-07-05,Revancha,09,19,28,33,42,44
2767,2020-07-05,SiempreSale,10,24,26,28,29,37
2766,2020-07-01,Tradicional,07,08,27,39,44,45
2766,2020-07-01,Segunda,01,15,25,30,31,43
2766,2020-07-01,Revancha,02,12,21,24,27,33
2766,2020-07-01,SiempreSale,03,07,11,12,32,44
2765,2020-06-28,Tradicional,18,19,20,24,30,31
2765,2020-06-28,Segunda,07,17,20,21,38,44
2765,2020-06-28,Revancha,19,20,26,30,31,39
2765,2020-06-28,SiempreSale,01,04,09,13,27,45
2764,2020-06-24,Tradicional,14,18,19,35,37,39
2764,2020-06-24,Segunda,18,23,27,29,30,33
2764,2020-06-24,Revancha,19,23,29,37,39,42
2764,2020-06-24,SiempreSale,13,14,15,27,34,44
2763,2020-06-21,Tradicional,07,12,13,19,31,38
2763,2020-06-21,Segunda,10,13,17,28,36,45
2763,2020-06-21,Revancha,08,11,16,22,36,40
2763,2020-06-21,SiempreSale,10,16,17,19,24,29
2762,2020-06-17,Tradicional,05,11,23,40,41,45
2762,2020-06-17,Segunda,19,21,31,36,39,40
2762,2020-06-17,Revancha,08,09,22,23,31,45
2762,2020-06-17,SiempreSale,04,15,23,25,27,45
2761,2020-06-14,Tradicional,10,12,22,30,36,39
2761,2020-06-14,Segunda,13,15,17,23,30,42
2761,2020-06-14,Revancha,03,10,26,34,35,39
2761,2020-06-14,SiempreSale,06,12,21,27,37,43
2760,2020-06-10,Tradicional,00,16,23,33,39,42
2760,2020-06-10,Segunda,02,19,25,28,30,34
2760,2020-06-10,Revancha,15,18,34,39,40,43
2760,2020-06-10,SiempreSale,01,02,10,27,43,44
2759,2020-06-07,Tradicional,01,09,20,23,40,42
2759,2020-06-07,Segunda,00,03,20,28,33,45
2759,2020-06-07,Revancha,09,11,16,29,31,36
2759,2020-06-07,SiempreSale,02,03,17,38,40,43
2758,2020-03-18,Tradicional,02,04,20,29,32,40
2758,2020-03-18,Segunda,08,17,19,27,36,45
2758,2020-03-18,Revancha,09,11,25,30,35,43
2758,2020-03-18,SiempreSale,05,07,10,33,34,41
2757,2020-03-15,Tradicional,01,02,04,11,21,28
2757,2020-03-15,Segunda,05,13,14,20,23,32
2757,2020-03-15,Revancha,02,10,25,35,44,45
2757,2020-03-15,SiempreSale,04,10,19,26,35,37
2756,2020-03-11,Tradicional,17,24,28,37,42,44
2756,2020-03-11,Segunda,04,23,32,35,40,43
2756,2020-03-11,Revancha,08,23,27,34,41,43
2756,2020-03-11,SiempreSale,01,08,17,21,24,37
2755,2020-03-08,Tradicional,06,07,09,18,29,36
2755,2020-03-08,Segunda,00,06,20,29,33,37
2755,2020-03-08,Revancha,05,13,27,29,33,43
2755,2020-03-08,SiempreSale,02,03,08,11,17,31
2754,2020-03-04,Tradicional,06,09,13,32,37,45
2754,2020-03-04,Segunda,00,05,08,09,10,37
2754,2020-03-04,Revancha,00,12,23,24,33,36
2754,2020-03-04,SiempreSale,00,18,27,38,42,45
2753,2020-03-01,Tradicional,23,31,38,39,42,44
2753,2020-03-01,Segunda,14,27,28,29,40,45
2753,2020-03-01,Revancha,10,11,12,14,27,29
2753,2020-03-01,SiempreSale,08,13,21,25,40,45
2752,2020-02-26,Tradicional,08,22,24,30,42,44
2752,2020-02-26,Segunda,04,06,15,16,20,41
2752,2020-02-26,Revancha,09,10,13,19,42,45
2752,2020-02-26,SiempreSale,05,10,16,20,23,33
2751,2020-02-23,Tradicional,02,11,27,29,37,39
2751,2020-02-23,Segunda,06,07,14,31,36,45
2751,2020-02-23,Revancha,08,10,19,34,39,44
2751,2020-02-23,SiempreSale,16,22,26,32,40,43
2750,2020-02-19,Tradicional,05,20,25,28,34,42
2750,2020-02-19,Segunda,00,01,02,20,24,36
2750,2020-02-19,Revancha,17,25,26,29,34,43
2750,2020-02-19,SiempreSale,01,07,11,15,27,34
2749,2020-02-16,Tradicional,03,24,27,33,38,39
2749,2020-02-16,Segunda,00,05,15,19,20,33
2749,2020-02-16,Revancha,09,10,14,26,28,32
2749,2020-02-16,SiempreSale,09,13,15,17,36,43
2748,2020-02-12,Tradicional,02,05,25,26,28,36
2748,2020-02-12,Segunda,05,12,20,25,29,36
2748,2020-02-12,Revancha,10,11,13,20,21,32
2748,2020-02-12,SiempreSale,08,28,35,36,38,42
2747,2020-02-09,Tradicional,08,10,12,16,27,38
2747,2020-02-09,Segunda,08,11,29,35,38,44
2747,2020-02-09,Revancha,04,05,06,12,32,41
2747,2020-02-09,SiempreSale,08,12,30,33,41,43
2746,2020-02-05,Tradicional,05,06,09,13,28,29
2746,2020-02-05,Segunda,08,12,29,31,36,37
2746,2020-02-05,Revancha,13,23,29,30,34,45
2746,2020-02-05,SiempreSale,04,08,20,21,30,31
2745,2020-02-02,Tradicional,01,08,11,15,16,40
2745,2020-02-02,Segunda,01,15,20,23,32,34
2745,2020-02-02,Revancha,02,08,09,17,25,37
2745,2020-02-02,SiempreSale,00,09,17,21,28,35
2744,2020-01-29,Tradicional,02,20,33,34,40,41
2744,2020-01-29,Segunda,03,15,23,35,38,40
2744,2020-01-29,Revancha,02,08,10,27,31,35
2744,2020-01-29,SiempreSale,09,12,30,33,37,41
2743,2020-01-26,Tradicional,01,18,33,38,42,43
2743,2020-01-26,Segunda,06,09,21,23,35,36
2743,2020-01-26,Revancha,02,04,08,28,36,41
2743,2020-01-26,SiempreSale,04,18,28,34,35,38
2742,2020-01-22,Tradicional,00,12,13,31,38,43
2742,2020-01-22,Segunda,01,05,12,20,24,43
2742,2020-01-22,Revancha,04,12,15,26,40,44
2742,2020-01-22,SiempreSale,06,09,14,25,32,37
2741,2020-01-19,Tradicional,01,07,10,25,29,34
2741,2020-01-19,Segunda,00,05,20,21,30,37
2741,2020-01-19,Revancha,06,12,21,22,29,41
2741,2020-01-19,SiempreSale,06,19,24,36,38,43
2740,2020-01-15,Tradicional,09,13,22,23,33,41
2740,2020-01-15,Segunda,07,09,12,19,28,35
2740,2020-01-15,Revancha,08,23,26,33,35,43
2740,2020-01-15,SiempreSale,07,10,17,24,36,40
2739,2020-01-12,Tradicional,00,11,27,31,36,40
2739,2020-01-12,Segunda,16,21,27,37,41,45
2739,2020-01-12,Revancha,00,10,27,30,36,39
2739,2020-01-12,SiempreSale,01,10,15,23,32,42
2738,2020-01-08,Tradicional,18,22,23,35,40,44
2738,2020-01-08,Segunda,03,13,22,24,33,43
2738,2020-01-08,Revancha,04,10,16,18,36,40
2738,2020-01-08,SiempreSale,00,01,06,17,36,38
2737,2020-01-05,Tradicional,08,17,19,22,39,41
2737,2020-01-05,Segunda,20,21,36,42,43,44
2737,2020-01-05,Revancha,02,04,27,28,39,40
2737,2020-01-05,SiempreSale,02,05,10,15,17,42
2736,2020-01-02,Tradicional,00,03,08,25,35,41
2736,2020-01-02,Segunda,00,26,34,36,43,44
2736,2020-01-02,Revancha,01,05,18,22,28,32
2736,2020-01-02,SiempreSale,05,06,13,29,34,39
